timestamp, utilization.gpu [%], utilization.memory [%], power.draw [W], clocks.current.sm [MHz]
2020/12/31 05:03:06.220, 0 %, 0 %, 10.10 W, 544 MHz
2020/12/31 05:03:07.224, 0 %, 0 %, 9.71 W, 544 MHz
2020/12/31 05:03:08.228, 0 %, 0 %, 9.71 W, 544 MHz
2020/12/31 05:03:09.232, 2 %, 0 %, 48.58 W, 1303 MHz
2020/12/31 05:03:10.235, 0 %, 0 %, 46.47 W, 1063 MHz
2020/12/31 05:03:11.238, 0 %, 0 %, 46.47 W, 1063 MHz
2020/12/31 05:03:12.241, 0 %, 0 %, 46.57 W, 1063 MHz
2020/12/31 05:03:13.243, 0 %, 0 %, 46.57 W, 1063 MHz
2020/12/31 05:03:14.246, 2 %, 0 %, 46.67 W, 1063 MHz
2020/12/31 05:03:15.249, 0 %, 0 %, 46.66 W, 1063 MHz
2020/12/31 05:03:16.250, 1 %, 0 %, 46.57 W, 1063 MHz
2020/12/31 05:03:17.252, 13 %, 7 %, 86.07 W, 1063 MHz
2020/12/31 05:03:18.255, 0 %, 0 %, 46.85 W, 1063 MHz
2020/12/31 05:03:19.258, 68 %, 44 %, 118.27 W, 1063 MHz
2020/12/31 05:03:20.266, 73 %, 31 %, 113.85 W, 1063 MHz
2020/12/31 05:03:21.269, 0 %, 0 %, 46.76 W, 1063 MHz
2020/12/31 05:03:22.271, 0 %, 0 %, 46.95 W, 1063 MHz
2020/12/31 05:03:23.274, 100 %, 78 %, 120.28 W, 1063 MHz
2020/12/31 05:03:24.277, 10 %, 4 %, 119.12 W, 1063 MHz
2020/12/31 05:03:25.280, 0 %, 0 %, 46.76 W, 1063 MHz
2020/12/31 05:03:26.282, 67 %, 50 %, 47.14 W, 1063 MHz
2020/12/31 05:03:27.285, 6 %, 0 %, 114.54 W, 1063 MHz
2020/12/31 05:03:28.289, 50 %, 36 %, 105.32 W, 1063 MHz
2020/12/31 05:03:29.292, 100 %, 76 %, 120.18 W, 1063 MHz
2020/12/31 05:03:30.293, 3 %, 1 %, 47.05 W, 1063 MHz
2020/12/31 05:03:31.296, 0 %, 0 %, 46.76 W, 1063 MHz
2020/12/31 05:03:32.299, 87 %, 64 %, 47.98 W, 1063 MHz
2020/12/31 05:03:33.302, 0 %, 0 %, 46.76 W, 1063 MHz
2020/12/31 05:03:34.304, 100 %, 74 %, 66.08 W, 1063 MHz
2020/12/31 05:03:35.307, 0 %, 0 %, 46.66 W, 1063 MHz
2020/12/31 05:03:36.310, 71 %, 56 %, 107.42 W, 1063 MHz
2020/12/31 05:03:37.313, 93 %, 70 %, 117.99 W, 1063 MHz
2020/12/31 05:03:38.316, 100 %, 76 %, 122.04 W, 1063 MHz
2020/12/31 05:03:39.318, 56 %, 37 %, 47.33 W, 1063 MHz
2020/12/31 05:03:40.321, 0 %, 0 %, 46.76 W, 1063 MHz
2020/12/31 05:03:41.324, 100 %, 77 %, 119.80 W, 1063 MHz
2020/12/31 05:03:42.326, 0 %, 0 %, 46.85 W, 1063 MHz
2020/12/31 05:03:43.329, 76 %, 60 %, 115.11 W, 1063 MHz
2020/12/31 05:03:44.330, 24 %, 17 %, 47.14 W, 1063 MHz
2020/12/31 05:03:45.331, 0 %, 0 %, 46.95 W, 1063 MHz
2020/12/31 05:03:46.334, 68 %, 47 %, 120.66 W, 1063 MHz
2020/12/31 05:03:47.336, 98 %, 75 %, 117.41 W, 1063 MHz
2020/12/31 05:03:48.339, 100 %, 79 %, 123.38 W, 1063 MHz
2020/12/31 05:03:49.341, 94 %, 58 %, 48.39 W, 1063 MHz
2020/12/31 05:03:50.344, 0 %, 0 %, 46.95 W, 1063 MHz
2020/12/31 05:03:51.349, 84 %, 71 %, 124.22 W, 1063 MHz
2020/12/31 05:03:52.352, 71 %, 58 %, 115.89 W, 1063 MHz
2020/12/31 05:03:53.354, 100 %, 75 %, 123.25 W, 1063 MHz
2020/12/31 05:03:54.361, 72 %, 49 %, 112.91 W, 1063 MHz
2020/12/31 05:03:55.364, 0 %, 0 %, 46.95 W, 1063 MHz
2020/12/31 05:03:56.367, 100 %, 85 %, 127.39 W, 1063 MHz
2020/12/31 05:03:57.370, 58 %, 41 %, 47.14 W, 1063 MHz
2020/12/31 05:03:58.373, 0 %, 0 %, 46.95 W, 1063 MHz
2020/12/31 05:03:59.376, 100 %, 78 %, 122.86 W, 1063 MHz
2020/12/31 05:04:00.379, 0 %, 0 %, 46.95 W, 1063 MHz
2020/12/31 05:04:01.382, 0 %, 0 %, 46.95 W, 1063 MHz
2020/12/31 05:04:02.385, 58 %, 51 %, 113.58 W, 1063 MHz
2020/12/31 05:04:03.388, 68 %, 48 %, 126.22 W, 1063 MHz
2020/12/31 05:04:04.390, 100 %, 75 %, 124.21 W, 1063 MHz
2020/12/31 05:04:05.393, 28 %, 16 %, 47.24 W, 1063 MHz
2020/12/31 05:04:06.396, 0 %, 0 %, 47.05 W, 1063 MHz
2020/12/31 05:04:07.399, 100 %, 81 %, 121.81 W, 1063 MHz
2020/12/31 05:04:08.401, 0 %, 0 %, 47.14 W, 1063 MHz
2020/12/31 05:04:09.404, 0 %, 0 %, 47.05 W, 1063 MHz
2020/12/31 05:04:10.407, 100 %, 75 %, 122.00 W, 1063 MHz
2020/12/31 05:04:11.409, 0 %, 0 %, 47.05 W, 1063 MHz
2020/12/31 05:04:12.412, 0 %, 0 %, 47.05 W, 1063 MHz
2020/12/31 05:04:13.415, 100 %, 75 %, 121.90 W, 1063 MHz
2020/12/31 05:04:14.418, 0 %, 0 %, 47.05 W, 1063 MHz
2020/12/31 05:04:15.418, 0 %, 0 %, 47.05 W, 1063 MHz
2020/12/31 05:04:16.421, 100 %, 75 %, 124.11 W, 1063 MHz
2020/12/31 05:04:17.424, 0 %, 0 %, 47.15 W, 1063 MHz
2020/12/31 05:04:18.427, 0 %, 0 %, 116.06 W, 1063 MHz
2020/12/31 05:04:19.430, 100 %, 75 %, 122.57 W, 1063 MHz
2020/12/31 05:04:20.431, 0 %, 0 %, 47.14 W, 1063 MHz
2020/12/31 05:04:21.433, 100 %, 86 %, 114.63 W, 1063 MHz
2020/12/31 05:04:22.436, 11 %, 8 %, 47.24 W, 1063 MHz
2020/12/31 05:04:23.439, 0 %, 0 %, 47.15 W, 1063 MHz
2020/12/31 05:04:24.443, 100 %, 76 %, 127.20 W, 1063 MHz
2020/12/31 05:04:25.446, 0 %, 0 %, 47.14 W, 1063 MHz
2020/12/31 05:04:26.449, 37 %, 23 %, 117.03 W, 1063 MHz
2020/12/31 05:04:27.451, 100 %, 76 %, 125.83 W, 1063 MHz
2020/12/31 05:04:28.454, 0 %, 0 %, 47.24 W, 1063 MHz
2020/12/31 05:04:29.457, 67 %, 59 %, 115.97 W, 1063 MHz
2020/12/31 05:04:30.463, 95 %, 72 %, 125.19 W, 1063 MHz
2020/12/31 05:04:31.468, 100 %, 75 %, 121.71 W, 1063 MHz
2020/12/31 05:04:32.471, 69 %, 44 %, 135.12 W, 1063 MHz
2020/12/31 05:04:33.473, 0 %, 0 %, 47.24 W, 1063 MHz
2020/12/31 05:04:34.476, 100 %, 88 %, 119.32 W, 1063 MHz
2020/12/31 05:04:35.479, 64 %, 45 %, 47.53 W, 1063 MHz
2020/12/31 05:04:36.482, 0 %, 0 %, 47.24 W, 1063 MHz
2020/12/31 05:04:37.485, 100 %, 86 %, 121.04 W, 1063 MHz
2020/12/31 05:04:38.487, 0 %, 0 %, 47.33 W, 1063 MHz
2020/12/31 05:04:39.490, 0 %, 0 %, 47.24 W, 1063 MHz
2020/12/31 05:04:40.493, 100 %, 76 %, 122.57 W, 1063 MHz
2020/12/31 05:04:41.495, 0 %, 0 %, 47.24 W, 1063 MHz
2020/12/31 05:04:42.498, 73 %, 54 %, 117.40 W, 1063 MHz
2020/12/31 05:04:43.501, 100 %, 73 %, 62.37 W, 1063 MHz
2020/12/31 05:04:44.504, 0 %, 0 %, 47.24 W, 1063 MHz
2020/12/31 05:04:45.506, 100 %, 87 %, 123.47 W, 1063 MHz
2020/12/31 05:04:46.509, 4 %, 3 %, 47.33 W, 1063 MHz
2020/12/31 05:04:47.512, 0 %, 0 %, 47.24 W, 1063 MHz
2020/12/31 05:04:48.515, 100 %, 81 %, 124.01 W, 1063 MHz
2020/12/31 05:04:49.517, 0 %, 0 %, 47.24 W, 1063 MHz
2020/12/31 05:04:50.520, 0 %, 0 %, 47.24 W, 1063 MHz
2020/12/31 05:04:51.526, 94 %, 71 %, 106.94 W, 1063 MHz
2020/12/31 05:04:52.530, 83 %, 53 %, 133.51 W, 1063 MHz
2020/12/31 05:04:53.533, 100 %, 75 %, 122.00 W, 1063 MHz
2020/12/31 05:04:54.535, 29 %, 16 %, 47.62 W, 1063 MHz
2020/12/31 05:04:55.538, 0 %, 0 %, 47.33 W, 1063 MHz
2020/12/31 05:04:56.541, 100 %, 81 %, 123.95 W, 1063 MHz
2020/12/31 05:04:57.544, 0 %, 0 %, 47.33 W, 1063 MHz
2020/12/31 05:04:58.546, 0 %, 0 %, 47.43 W, 1063 MHz
2020/12/31 05:04:59.549, 100 %, 76 %, 122.48 W, 1063 MHz
2020/12/31 05:05:00.552, 0 %, 0 %, 47.43 W, 1063 MHz
2020/12/31 05:05:01.554, 85 %, 55 %, 51.37 W, 1063 MHz
2020/12/31 05:05:02.557, 91 %, 44 %, 137.81 W, 1063 MHz
2020/12/31 05:05:03.560, 0 %, 0 %, 47.34 W, 1063 MHz
2020/12/31 05:05:04.562, 4 %, 2 %, 47.43 W, 1063 MHz
2020/12/31 05:05:05.565, 71 %, 48 %, 58.44 W, 1063 MHz
2020/12/31 05:05:06.568, 10 %, 6 %, 109.53 W, 1063 MHz
2020/12/31 05:05:07.571, 100 %, 74 %, 101.45 W, 1063 MHz
2020/12/31 05:05:08.573, 41 %, 27 %, 61.86 W, 1063 MHz
2020/12/31 05:05:09.576, 0 %, 0 %, 47.43 W, 1063 MHz
2020/12/31 05:05:10.579, 46 %, 35 %, 115.79 W, 1063 MHz
2020/12/31 05:05:11.581, 14 %, 10 %, 101.73 W, 1063 MHz
2020/12/31 05:05:12.582, 38 %, 25 %, 115.76 W, 1063 MHz
2020/12/31 05:05:13.585, 40 %, 23 %, 47.62 W, 1063 MHz
2020/12/31 05:05:14.588, 52 %, 32 %, 47.91 W, 1063 MHz
2020/12/31 05:05:15.591, 43 %, 25 %, 47.69 W, 1063 MHz
2020/12/31 05:05:16.594, 23 %, 12 %, 47.63 W, 1063 MHz
2020/12/31 05:05:17.595, 63 %, 39 %, 48.49 W, 1063 MHz
2020/12/31 05:05:18.597, 30 %, 16 %, 51.37 W, 1063 MHz
2020/12/31 05:05:19.600, 43 %, 22 %, 64.74 W, 1063 MHz
2020/12/31 05:05:20.603, 0 %, 0 %, 47.43 W, 1063 MHz
2020/12/31 05:05:21.606, 30 %, 16 %, 85.59 W, 1063 MHz
2020/12/31 05:05:22.609, 30 %, 16 %, 96.29 W, 1063 MHz
2020/12/31 05:05:23.612, 0 %, 0 %, 47.43 W, 1063 MHz
2020/12/31 05:05:24.615, 30 %, 16 %, 47.92 W, 1063 MHz
2020/12/31 05:05:25.617, 27 %, 15 %, 47.62 W, 1063 MHz
2020/12/31 05:05:26.620, 0 %, 0 %, 47.43 W, 1063 MHz
2020/12/31 05:05:27.624, 30 %, 16 %, 47.91 W, 1063 MHz
2020/12/31 05:05:28.627, 27 %, 15 %, 103.37 W, 1063 MHz
2020/12/31 05:05:29.630, 51 %, 26 %, 79.12 W, 1063 MHz
2020/12/31 05:05:30.635, 45 %, 23 %, 54.89 W, 1063 MHz
2020/12/31 05:05:31.637, 22 %, 11 %, 49.54 W, 1063 MHz
2020/12/31 05:05:32.640, 0 %, 0 %, 47.43 W, 1063 MHz
2020/12/31 05:05:33.643, 30 %, 16 %, 57.39 W, 1063 MHz
2020/12/31 05:05:34.646, 30 %, 16 %, 61.90 W, 1063 MHz
2020/12/31 05:05:35.648, 23 %, 11 %, 47.44 W, 1063 MHz
2020/12/31 05:05:36.651, 1 %, 1 %, 89.63 W, 1063 MHz
2020/12/31 05:05:37.654, 57 %, 31 %, 78.41 W, 1063 MHz
2020/12/31 05:05:38.655, 30 %, 16 %, 51.18 W, 1063 MHz
2020/12/31 05:05:39.658, 30 %, 16 %, 101.79 W, 1063 MHz
2020/12/31 05:05:40.660, 31 %, 17 %, 105.56 W, 1063 MHz
2020/12/31 05:05:41.663, 30 %, 16 %, 47.62 W, 1063 MHz
2020/12/31 05:05:42.666, 30 %, 16 %, 103.44 W, 1063 MHz
2020/12/31 05:05:43.669, 26 %, 14 %, 47.91 W, 1063 MHz
2020/12/31 05:05:44.672, 33 %, 18 %, 47.62 W, 1063 MHz
2020/12/31 05:05:45.674, 0 %, 0 %, 67.53 W, 1063 MHz
2020/12/31 05:05:46.677, 30 %, 16 %, 60.17 W, 1063 MHz
2020/12/31 05:05:47.680, 30 %, 16 %, 47.53 W, 1063 MHz
2020/12/31 05:05:48.686, 0 %, 0 %, 51.72 W, 1063 MHz
2020/12/31 05:05:49.688, 32 %, 17 %, 98.65 W, 1063 MHz
2020/12/31 05:05:50.691, 30 %, 16 %, 105.67 W, 1063 MHz
2020/12/31 05:05:51.694, 0 %, 0 %, 47.53 W, 1063 MHz
2020/12/31 05:05:52.696, 29 %, 16 %, 47.81 W, 1063 MHz
2020/12/31 05:05:53.699, 53 %, 28 %, 47.81 W, 1063 MHz
2020/12/31 05:05:54.702, 42 %, 23 %, 85.75 W, 1063 MHz
2020/12/31 05:05:55.705, 30 %, 16 %, 47.62 W, 1063 MHz
2020/12/31 05:05:56.707, 40 %, 22 %, 51.56 W, 1063 MHz
2020/12/31 05:05:57.710, 30 %, 16 %, 70.20 W, 1063 MHz
2020/12/31 05:05:58.713, 20 %, 10 %, 98.29 W, 1063 MHz
2020/12/31 05:05:59.716, 30 %, 16 %, 88.38 W, 1063 MHz
2020/12/31 05:06:00.718, 0 %, 0 %, 47.43 W, 1063 MHz
2020/12/31 05:06:01.721, 33 %, 18 %, 79.65 W, 1063 MHz
2020/12/31 05:06:02.724, 30 %, 16 %, 89.95 W, 1063 MHz
2020/12/31 05:06:03.725, 0 %, 0 %, 47.53 W, 1063 MHz
2020/12/31 05:06:04.728, 11 %, 7 %, 61.99 W, 1063 MHz
2020/12/31 05:06:05.730, 30 %, 16 %, 88.43 W, 1063 MHz
2020/12/31 05:06:06.732, 51 %, 31 %, 47.72 W, 1063 MHz
2020/12/31 05:06:07.734, 38 %, 22 %, 48.30 W, 1063 MHz
2020/12/31 05:06:08.737, 43 %, 24 %, 47.62 W, 1063 MHz
2020/12/31 05:06:09.740, 69 %, 41 %, 47.72 W, 1063 MHz
2020/12/31 05:06:10.743, 17 %, 12 %, 78.32 W, 1063 MHz
2020/12/31 05:06:11.746, 0 %, 0 %, 107.04 W, 1063 MHz
2020/12/31 05:06:12.746, 59 %, 35 %, 50.79 W, 1063 MHz
2020/12/31 05:06:13.749, 48 %, 28 %, 111.35 W, 1063 MHz
2020/12/31 05:06:14.752, 38 %, 21 %, 100.63 W, 1063 MHz
2020/12/31 05:06:15.755, 0 %, 0 %, 47.53 W, 1063 MHz
2020/12/31 05:06:16.758, 45 %, 26 %, 47.62 W, 1063 MHz
2020/12/31 05:06:17.760, 56 %, 34 %, 104.94 W, 1063 MHz
2020/12/31 05:06:18.763, 17 %, 10 %, 109.24 W, 1063 MHz
2020/12/31 05:06:19.766, 45 %, 26 %, 47.81 W, 1063 MHz
2020/12/31 05:06:20.769, 18 %, 12 %, 94.65 W, 1063 MHz
2020/12/31 05:06:21.770, 8 %, 3 %, 47.53 W, 1063 MHz
2020/12/31 05:06:22.773, 0 %, 0 %, 47.43 W, 1063 MHz
2020/12/31 05:06:23.776, 42 %, 24 %, 47.81 W, 1063 MHz
2020/12/31 05:06:24.781, 49 %, 30 %, 91.77 W, 1063 MHz
2020/12/31 05:06:25.784, 33 %, 16 %, 48.39 W, 1063 MHz
2020/12/31 05:06:26.787, 50 %, 25 %, 47.72 W, 1063 MHz
2020/12/31 05:06:27.790, 51 %, 28 %, 90.39 W, 1063 MHz
2020/12/31 05:06:28.792, 18 %, 7 %, 47.63 W, 1063 MHz
2020/12/31 05:06:29.795, 33 %, 12 %, 64.64 W, 1063 MHz
2020/12/31 05:06:30.798, 51 %, 28 %, 86.27 W, 1063 MHz
2020/12/31 05:06:31.800, 16 %, 5 %, 73.85 W, 1063 MHz
2020/12/31 05:06:32.803, 21 %, 7 %, 66.27 W, 1063 MHz
2020/12/31 05:06:33.806, 49 %, 13 %, 56.91 W, 1063 MHz
2020/12/31 05:06:34.809, 26 %, 7 %, 57.10 W, 1063 MHz
2020/12/31 05:06:35.811, 26 %, 7 %, 59.69 W, 1063 MHz
2020/12/31 05:06:36.814, 13 %, 3 %, 46.76 W, 949 MHz
2020/12/31 05:06:37.816, 0 %, 0 %, 46.76 W, 949 MHz
2020/12/31 05:06:38.819, 33 %, 9 %, 69.06 W, 949 MHz
2020/12/31 05:06:39.822, 29 %, 7 %, 46.76 W, 949 MHz
2020/12/31 05:06:40.824, 0 %, 0 %, 62.18 W, 949 MHz
2020/12/31 05:06:41.827, 33 %, 9 %, 60.17 W, 949 MHz
2020/12/31 05:06:42.830, 29 %, 7 %, 46.76 W, 949 MHz
2020/12/31 05:06:43.833, 0 %, 0 %, 57.87 W, 949 MHz
2020/12/31 05:06:44.835, 25 %, 6 %, 61.38 W, 949 MHz
2020/12/31 05:06:45.838, 43 %, 11 %, 46.86 W, 949 MHz
2020/12/31 05:06:46.841, 0 %, 0 %, 46.86 W, 949 MHz
2020/12/31 05:06:47.844, 29 %, 7 %, 62.53 W, 949 MHz
2020/12/31 05:06:48.845, 49 %, 13 %, 48.68 W, 949 MHz
2020/12/31 05:06:49.847, 0 %, 0 %, 46.76 W, 949 MHz
2020/12/31 05:06:50.850, 29 %, 8 %, 58.35 W, 949 MHz
2020/12/31 05:06:51.853, 43 %, 11 %, 55.75 W, 949 MHz
2020/12/31 05:06:52.856, 29 %, 8 %, 48.58 W, 949 MHz
2020/12/31 05:06:53.859, 29 %, 7 %, 53.55 W, 949 MHz
2020/12/31 05:06:54.860, 43 %, 11 %, 47.34 W, 949 MHz
2020/12/31 05:06:55.863, 28 %, 7 %, 48.29 W, 949 MHz
2020/12/31 05:06:56.866, 20 %, 5 %, 60.71 W, 949 MHz
2020/12/31 05:06:57.868, 43 %, 11 %, 47.43 W, 949 MHz
2020/12/31 05:06:58.871, 32 %, 8 %, 46.76 W, 949 MHz
2020/12/31 05:06:59.874, 29 %, 7 %, 56.81 W, 949 MHz
2020/12/31 05:07:00.877, 40 %, 11 %, 46.85 W, 949 MHz
2020/12/31 05:07:01.880, 0 %, 0 %, 46.67 W, 949 MHz
2020/12/31 05:07:02.882, 27 %, 7 %, 53.35 W, 949 MHz
2020/12/31 05:07:03.885, 31 %, 8 %, 64.93 W, 949 MHz
2020/12/31 05:07:04.886, 0 %, 0 %, 46.66 W, 949 MHz
2020/12/31 05:07:05.887, 35 %, 9 %, 46.86 W, 949 MHz
2020/12/31 05:07:06.890, 26 %, 6 %, 56.24 W, 949 MHz
2020/12/31 05:07:07.893, 0 %, 0 %, 46.67 W, 949 MHz
2020/12/31 05:07:08.896, 32 %, 9 %, 46.76 W, 949 MHz
2020/12/31 05:07:09.898, 30 %, 8 %, 46.95 W, 949 MHz
2020/12/31 05:07:10.904, 0 %, 0 %, 46.66 W, 949 MHz
2020/12/31 05:07:11.907, 33 %, 9 %, 46.86 W, 949 MHz
2020/12/31 05:07:12.909, 46 %, 12 %, 62.82 W, 949 MHz
2020/12/31 05:07:13.912, 0 %, 0 %, 46.66 W, 949 MHz
2020/12/31 05:07:14.915, 19 %, 5 %, 67.52 W, 949 MHz
2020/12/31 05:07:15.918, 35 %, 9 %, 46.85 W, 949 MHz
2020/12/31 05:07:16.920, 29 %, 7 %, 47.34 W, 949 MHz
2020/12/31 05:07:17.923, 29 %, 7 %, 55.18 W, 949 MHz
2020/12/31 05:07:18.926, 41 %, 11 %, 46.85 W, 949 MHz
2020/12/31 05:07:19.929, 37 %, 9 %, 47.24 W, 949 MHz
2020/12/31 05:07:20.932, 17 %, 5 %, 53.35 W, 949 MHz
2020/12/31 05:07:21.934, 35 %, 9 %, 47.15 W, 949 MHz
2020/12/31 05:07:22.937, 29 %, 7 %, 47.91 W, 949 MHz
2020/12/31 05:07:23.940, 25 %, 7 %, 63.20 W, 949 MHz
2020/12/31 05:07:24.942, 27 %, 6 %, 48.40 W, 949 MHz
2020/12/31 05:07:25.945, 32 %, 8 %, 47.34 W, 949 MHz
2020/12/31 05:07:26.948, 25 %, 6 %, 60.23 W, 949 MHz
2020/12/31 05:07:27.949, 31 %, 8 %, 48.29 W, 949 MHz
2020/12/31 05:07:28.951, 0 %, 0 %, 46.57 W, 949 MHz
2020/12/31 05:07:29.954, 29 %, 7 %, 70.11 W, 949 MHz
2020/12/31 05:07:30.957, 27 %, 7 %, 48.29 W, 949 MHz
2020/12/31 05:07:31.962, 0 %, 0 %, 46.66 W, 949 MHz
2020/12/31 05:07:32.965, 28 %, 7 %, 64.87 W, 949 MHz
2020/12/31 05:07:33.968, 28 %, 7 %, 58.35 W, 949 MHz
2020/12/31 05:07:34.971, 0 %, 0 %, 46.57 W, 949 MHz
2020/12/31 05:07:35.973, 29 %, 7 %, 57.39 W, 949 MHz
2020/12/31 05:07:36.976, 29 %, 7 %, 46.86 W, 949 MHz
2020/12/31 05:07:37.979, 0 %, 0 %, 46.67 W, 949 MHz
2020/12/31 05:07:38.982, 33 %, 10 %, 56.33 W, 949 MHz
2020/12/31 05:07:39.985, 29 %, 8 %, 58.15 W, 949 MHz
2020/12/31 05:07:40.987, 0 %, 0 %, 46.57 W, 949 MHz
2020/12/31 05:07:41.990, 25 %, 6 %, 61.67 W, 949 MHz
2020/12/31 05:07:42.993, 33 %, 9 %, 47.82 W, 949 MHz
2020/12/31 05:07:43.996, 0 %, 0 %, 46.67 W, 949 MHz
2020/12/31 05:07:44.999, 36 %, 9 %, 55.37 W, 949 MHz
2020/12/31 05:07:46.002, 29 %, 7 %, 64.55 W, 949 MHz
2020/12/31 05:07:47.004, 0 %, 0 %, 46.57 W, 949 MHz
2020/12/31 05:07:48.005, 43 %, 11 %, 60.84 W, 949 MHz
2020/12/31 05:07:49.008, 27 %, 7 %, 52.30 W, 949 MHz
2020/12/31 05:07:50.011, 31 %, 8 %, 54.89 W, 949 MHz
2020/12/31 05:07:51.014, 37 %, 9 %, 58.19 W, 949 MHz
2020/12/31 05:07:52.017, 19 %, 5 %, 54.89 W, 949 MHz
2020/12/31 05:07:53.019, 33 %, 9 %, 56.52 W, 949 MHz
2020/12/31 05:07:54.022, 36 %, 9 %, 59.21 W, 949 MHz
2020/12/31 05:07:55.025, 18 %, 5 %, 46.67 W, 949 MHz
2020/12/31 05:07:56.028, 36 %, 10 %, 53.93 W, 949 MHz
2020/12/31 05:07:57.030, 25 %, 6 %, 54.60 W, 949 MHz
2020/12/31 05:07:58.033, 25 %, 7 %, 46.76 W, 949 MHz
2020/12/31 05:07:59.036, 37 %, 10 %, 57.67 W, 949 MHz
2020/12/31 05:08:00.039, 36 %, 9 %, 59.11 W, 949 MHz
2020/12/31 05:08:01.045, 29 %, 7 %, 62.86 W, 949 MHz
2020/12/31 05:08:02.048, 0 %, 0 %, 46.57 W, 949 MHz
2020/12/31 05:08:03.050, 47 %, 12 %, 47.05 W, 949 MHz
2020/12/31 05:08:04.053, 27 %, 7 %, 56.90 W, 949 MHz
2020/12/31 05:08:05.056, 0 %, 0 %, 46.57 W, 949 MHz
2020/12/31 05:08:06.058, 39 %, 10 %, 46.86 W, 949 MHz
2020/12/31 05:08:07.061, 34 %, 9 %, 58.06 W, 949 MHz
2020/12/31 05:08:08.064, 0 %, 0 %, 46.57 W, 949 MHz
2020/12/31 05:08:09.067, 49 %, 13 %, 47.33 W, 949 MHz
2020/12/31 05:08:10.069, 32 %, 8 %, 61.03 W, 949 MHz
2020/12/31 05:08:11.072, 0 %, 0 %, 46.67 W, 949 MHz
2020/12/31 05:08:12.075, 29 %, 7 %, 58.06 W, 949 MHz
2020/12/31 05:08:13.078, 32 %, 9 %, 59.88 W, 949 MHz
2020/12/31 05:08:14.080, 14 %, 3 %, 46.76 W, 949 MHz
2020/12/31 05:08:15.083, 7 %, 1 %, 62.56 W, 949 MHz
2020/12/31 05:08:16.086, 29 %, 7 %, 63.40 W, 949 MHz
2020/12/31 05:08:17.089, 9 %, 3 %, 46.76 W, 949 MHz
2020/12/31 05:08:18.091, 14 %, 4 %, 46.76 W, 949 MHz
2020/12/31 05:08:19.094, 33 %, 8 %, 65.80 W, 949 MHz
2020/12/31 05:08:20.097, 8 %, 2 %, 46.66 W, 949 MHz
2020/12/31 05:08:21.100, 1 %, 0 %, 59.21 W, 949 MHz
2020/12/31 05:08:22.102, 41 %, 11 %, 56.90 W, 949 MHz
2020/12/31 05:08:23.105, 14 %, 4 %, 46.57 W, 949 MHz
2020/12/31 05:08:24.108, 0 %, 0 %, 46.57 W, 949 MHz
2020/12/31 05:08:25.111, 34 %, 8 %, 63.69 W, 949 MHz
2020/12/31 05:08:26.114, 26 %, 7 %, 46.86 W, 949 MHz
2020/12/31 05:08:27.116, 7 %, 2 %, 64.45 W, 949 MHz
2020/12/31 05:08:28.122, 43 %, 11 %, 56.33 W, 949 MHz
2020/12/31 05:08:29.125, 29 %, 7 %, 50.51 W, 949 MHz
2020/12/31 05:08:30.127, 0 %, 0 %, 46.57 W, 949 MHz
2020/12/31 05:08:31.130, 36 %, 9 %, 62.44 W, 949 MHz
2020/12/31 05:08:32.133, 33 %, 9 %, 49.54 W, 949 MHz
2020/12/31 05:08:33.136, 0 %, 0 %, 46.57 W, 949 MHz
2020/12/31 05:08:34.138, 29 %, 7 %, 49.26 W, 949 MHz
2020/12/31 05:08:35.141, 24 %, 6 %, 56.81 W, 949 MHz
2020/12/31 05:08:36.144, 0 %, 0 %, 46.57 W, 949 MHz
2020/12/31 05:08:37.146, 53 %, 13 %, 52.11 W, 949 MHz
2020/12/31 05:08:38.152, 29 %, 7 %, 46.96 W, 949 MHz
2020/12/31 05:08:39.154, 0 %, 0 %, 46.57 W, 949 MHz
2020/12/31 05:08:40.157, 40 %, 10 %, 57.29 W, 949 MHz
2020/12/31 05:08:41.161, 41 %, 10 %, 48.40 W, 949 MHz
2020/12/31 05:08:42.163, 26 %, 6 %, 58.06 W, 949 MHz
2020/12/31 05:08:43.166, 32 %, 8 %, 47.43 W, 949 MHz
2020/12/31 05:08:44.171, 33 %, 8 %, 46.85 W, 949 MHz
2020/12/31 05:08:45.174, 14 %, 4 %, 55.08 W, 949 MHz
2020/12/31 05:08:46.176, 29 %, 7 %, 49.64 W, 949 MHz
2020/12/31 05:08:47.179, 33 %, 8 %, 47.43 W, 949 MHz
2020/12/31 05:08:48.182, 29 %, 7 %, 67.72 W, 949 MHz
2020/12/31 05:08:49.185, 29 %, 7 %, 54.03 W, 949 MHz
2020/12/31 05:08:50.187, 29 %, 7 %, 49.35 W, 949 MHz
2020/12/31 05:08:51.190, 18 %, 4 %, 58.51 W, 949 MHz
2020/12/31 05:08:52.193, 29 %, 7 %, 48.39 W, 949 MHz
2020/12/31 05:08:53.196, 34 %, 9 %, 47.34 W, 949 MHz
2020/12/31 05:08:54.198, 0 %, 0 %, 46.57 W, 949 MHz
2020/12/31 05:08:55.201, 26 %, 7 %, 46.66 W, 949 MHz
2020/12/31 05:08:56.204, 43 %, 11 %, 51.44 W, 949 MHz
2020/12/31 05:08:57.207, 0 %, 0 %, 46.57 W, 949 MHz
2020/12/31 05:08:58.209, 21 %, 6 %, 55.66 W, 949 MHz
2020/12/31 05:08:59.212, 43 %, 11 %, 58.92 W, 949 MHz
2020/12/31 05:09:00.215, 0 %, 0 %, 46.57 W, 949 MHz
2020/12/31 05:09:01.218, 29 %, 7 %, 67.08 W, 949 MHz
2020/12/31 05:09:02.221, 57 %, 15 %, 53.87 W, 949 MHz
2020/12/31 05:09:03.224, 0 %, 0 %, 46.57 W, 949 MHz
2020/12/31 05:09:04.227, 18 %, 5 %, 65.99 W, 949 MHz
2020/12/31 05:09:05.229, 31 %, 8 %, 48.49 W, 949 MHz
2020/12/31 05:09:06.232, 36 %, 9 %, 47.81 W, 949 MHz
2020/12/31 05:09:07.235, 28 %, 7 %, 67.14 W, 949 MHz
2020/12/31 05:09:08.238, 31 %, 8 %, 59.08 W, 949 MHz
2020/12/31 05:09:09.240, 36 %, 9 %, 49.16 W, 949 MHz
2020/12/31 05:09:10.243, 25 %, 7 %, 52.59 W, 949 MHz
2020/12/31 05:09:11.246, 31 %, 8 %, 48.11 W, 949 MHz
2020/12/31 05:09:12.251, 0 %, 0 %, 46.57 W, 949 MHz
2020/12/31 05:09:13.254, 27 %, 7 %, 63.91 W, 949 MHz
2020/12/31 05:09:14.257, 27 %, 7 %, 46.95 W, 949 MHz
2020/12/31 05:09:15.259, 0 %, 0 %, 46.57 W, 949 MHz
2020/12/31 05:09:16.262, 29 %, 7 %, 56.71 W, 949 MHz
2020/12/31 05:09:17.265, 22 %, 5 %, 49.45 W, 949 MHz
2020/12/31 05:09:18.268, 0 %, 0 %, 46.57 W, 949 MHz
2020/12/31 05:09:19.270, 38 %, 10 %, 47.24 W, 949 MHz
2020/12/31 05:09:20.273, 29 %, 7 %, 62.44 W, 949 MHz
2020/12/31 05:09:21.276, 0 %, 0 %, 46.67 W, 949 MHz
2020/12/31 05:09:22.278, 55 %, 14 %, 46.66 W, 949 MHz
2020/12/31 05:09:23.281, 28 %, 7 %, 68.29 W, 949 MHz
2020/12/31 05:09:24.284, 31 %, 8 %, 46.67 W, 949 MHz
2020/12/31 05:09:25.287, 45 %, 11 %, 62.92 W, 949 MHz
2020/12/31 05:09:26.289, 33 %, 8 %, 57.67 W, 949 MHz
2020/12/31 05:09:27.292, 28 %, 7 %, 46.66 W, 949 MHz
2020/12/31 05:09:28.295, 52 %, 13 %, 48.75 W, 949 MHz
2020/12/31 05:09:29.297, 32 %, 8 %, 50.96 W, 949 MHz
2020/12/31 05:09:30.300, 29 %, 7 %, 46.76 W, 949 MHz
2020/12/31 05:09:31.303, 38 %, 10 %, 54.89 W, 949 MHz
2020/12/31 05:09:32.306, 33 %, 9 %, 57.96 W, 949 MHz
2020/12/31 05:09:33.308, 0 %, 0 %, 46.66 W, 949 MHz
2020/12/31 05:09:34.311, 43 %, 11 %, 61.67 W, 949 MHz
2020/12/31 05:09:35.314, 29 %, 7 %, 62.09 W, 949 MHz
2020/12/31 05:09:36.317, 0 %, 0 %, 46.66 W, 949 MHz
2020/12/31 05:09:37.319, 29 %, 7 %, 67.08 W, 949 MHz
2020/12/31 05:09:38.322, 43 %, 11 %, 58.06 W, 949 MHz
2020/12/31 05:09:39.325, 0 %, 0 %, 46.67 W, 949 MHz
2020/12/31 05:09:40.328, 23 %, 6 %, 47.81 W, 949 MHz
2020/12/31 05:09:41.330, 44 %, 11 %, 48.01 W, 949 MHz
2020/12/31 05:09:42.333, 11 %, 3 %, 46.66 W, 949 MHz
2020/12/31 05:09:43.334, 16 %, 4 %, 47.05 W, 949 MHz
2020/12/31 05:09:44.337, 43 %, 11 %, 46.86 W, 949 MHz
2020/12/31 05:09:45.339, 33 %, 10 %, 60.84 W, 949 MHz
2020/12/31 05:09:46.342, 20 %, 6 %, 46.86 W, 949 MHz
2020/12/31 05:09:47.345, 34 %, 10 %, 59.21 W, 949 MHz
2020/12/31 05:09:48.348, 34 %, 10 %, 46.76 W, 949 MHz
2020/12/31 05:09:49.351, 0 %, 0 %, 61.22 W, 949 MHz
2020/12/31 05:09:50.354, 53 %, 13 %, 48.68 W, 949 MHz
2020/12/31 05:09:51.358, 34 %, 9 %, 46.66 W, 949 MHz
2020/12/31 05:09:52.361, 0 %, 0 %, 49.93 W, 949 MHz
2020/12/31 05:09:53.363, 36 %, 11 %, 60.52 W, 949 MHz
2020/12/31 05:09:54.366, 34 %, 10 %, 71.36 W, 949 MHz
2020/12/31 05:09:55.369, 0 %, 0 %, 46.67 W, 949 MHz
2020/12/31 05:09:56.372, 29 %, 8 %, 51.82 W, 949 MHz
2020/12/31 05:09:57.374, 51 %, 15 %, 50.79 W, 949 MHz
2020/12/31 05:09:58.377, 30 %, 8 %, 50.67 W, 949 MHz
2020/12/31 05:09:59.380, 29 %, 7 %, 66.75 W, 949 MHz
2020/12/31 05:10:00.383, 46 %, 12 %, 59.31 W, 949 MHz
2020/12/31 05:10:01.385, 34 %, 9 %, 47.63 W, 949 MHz
2020/12/31 05:10:02.388, 29 %, 7 %, 61.61 W, 949 MHz
2020/12/31 05:10:03.391, 43 %, 11 %, 56.04 W, 949 MHz
2020/12/31 05:10:04.394, 0 %, 0 %, 46.57 W, 949 MHz
2020/12/31 05:10:05.397, 38 %, 10 %, 51.44 W, 949 MHz
2020/12/31 05:10:06.399, 42 %, 11 %, 55.85 W, 949 MHz
2020/12/31 05:10:07.402, 0 %, 0 %, 46.67 W, 949 MHz
2020/12/31 05:10:08.405, 31 %, 8 %, 67.33 W, 949 MHz
2020/12/31 05:10:09.408, 43 %, 11 %, 46.66 W, 949 MHz
2020/12/31 05:10:10.410, 0 %, 0 %, 46.57 W, 949 MHz
2020/12/31 05:10:11.413, 34 %, 9 %, 46.67 W, 949 MHz
2020/12/31 05:10:12.416, 43 %, 11 %, 57.67 W, 949 MHz
2020/12/31 05:10:13.418, 0 %, 0 %, 46.57 W, 949 MHz
2020/12/31 05:10:14.421, 30 %, 8 %, 59.40 W, 949 MHz
2020/12/31 05:10:15.424, 43 %, 11 %, 54.70 W, 949 MHz
2020/12/31 05:10:16.427, 0 %, 0 %, 46.57 W, 949 MHz
2020/12/31 05:10:17.430, 36 %, 10 %, 46.66 W, 949 MHz
2020/12/31 05:10:18.432, 39 %, 10 %, 46.76 W, 949 MHz
2020/12/31 05:10:19.435, 0 %, 0 %, 46.57 W, 949 MHz
2020/12/31 05:10:20.438, 30 %, 8 %, 58.15 W, 949 MHz
2020/12/31 05:10:21.440, 56 %, 14 %, 68.86 W, 949 MHz
2020/12/31 05:10:22.443, 0 %, 0 %, 46.57 W, 949 MHz
2020/12/31 05:10:23.446, 32 %, 9 %, 46.85 W, 949 MHz
2020/12/31 05:10:24.449, 43 %, 13 %, 64.01 W, 949 MHz
2020/12/31 05:10:25.452, 0 %, 0 %, 46.57 W, 949 MHz
2020/12/31 05:10:26.457, 17 %, 5 %, 66.95 W, 949 MHz
2020/12/31 05:10:27.460, 32 %, 9 %, 46.95 W, 949 MHz
2020/12/31 05:10:28.463, 34 %, 10 %, 46.85 W, 949 MHz
2020/12/31 05:10:29.466, 17 %, 5 %, 52.97 W, 949 MHz
2020/12/31 05:10:30.468, 33 %, 10 %, 46.85 W, 949 MHz
2020/12/31 05:10:31.471, 0 %, 0 %, 46.67 W, 949 MHz
2020/12/31 05:10:32.474, 40 %, 10 %, 54.12 W, 949 MHz
2020/12/31 05:10:33.477, 32 %, 8 %, 52.40 W, 949 MHz
2020/12/31 05:10:34.479, 0 %, 0 %, 46.67 W, 949 MHz
2020/12/31 05:10:35.482, 29 %, 7 %, 50.03 W, 949 MHz
2020/12/31 05:10:36.485, 24 %, 6 %, 51.92 W, 949 MHz
2020/12/31 05:10:37.487, 0 %, 0 %, 46.67 W, 949 MHz
2020/12/31 05:10:38.488, 34 %, 9 %, 47.44 W, 949 MHz
2020/12/31 05:10:39.491, 22 %, 6 %, 58.63 W, 949 MHz
2020/12/31 05:10:40.494, 0 %, 0 %, 46.57 W, 949 MHz
2020/12/31 05:10:41.497, 43 %, 11 %, 46.76 W, 949 MHz
2020/12/31 05:10:42.499, 28 %, 7 %, 53.83 W, 949 MHz
2020/12/31 05:10:43.502, 0 %, 0 %, 46.57 W, 949 MHz
2020/12/31 05:10:44.505, 49 %, 12 %, 48.01 W, 949 MHz
2020/12/31 05:10:45.508, 29 %, 7 %, 53.35 W, 949 MHz
2020/12/31 05:10:46.510, 25 %, 7 %, 46.86 W, 949 MHz
2020/12/31 05:10:47.513, 34 %, 10 %, 47.63 W, 949 MHz
2020/12/31 05:10:48.516, 19 %, 6 %, 59.88 W, 949 MHz
2020/12/31 05:10:49.519, 30 %, 8 %, 47.43 W, 949 MHz
2020/12/31 05:10:50.521, 48 %, 12 %, 55.18 W, 949 MHz
2020/12/31 05:10:51.526, 29 %, 7 %, 47.81 W, 949 MHz
2020/12/31 05:10:52.529, 19 %, 5 %, 64.01 W, 949 MHz
2020/12/31 05:10:53.532, 34 %, 9 %, 56.04 W, 949 MHz
2020/12/31 05:10:54.535, 29 %, 7 %, 60.17 W, 949 MHz
2020/12/31 05:10:55.538, 0 %, 0 %, 46.67 W, 949 MHz
2020/12/31 05:10:56.541, 29 %, 7 %, 47.43 W, 949 MHz
2020/12/31 05:10:57.544, 49 %, 12 %, 50.79 W, 949 MHz
2020/12/31 05:10:58.546, 0 %, 0 %, 46.67 W, 949 MHz
2020/12/31 05:10:59.549, 30 %, 8 %, 64.39 W, 949 MHz
2020/12/31 05:11:00.552, 29 %, 7 %, 67.62 W, 949 MHz
2020/12/31 05:11:01.555, 0 %, 0 %, 46.66 W, 949 MHz
2020/12/31 05:11:02.557, 29 %, 7 %, 62.57 W, 949 MHz
2020/12/31 05:11:03.560, 53 %, 13 %, 52.81 W, 949 MHz
2020/12/31 05:11:04.563, 0 %, 0 %, 46.57 W, 949 MHz
2020/12/31 05:11:05.565, 29 %, 7 %, 56.81 W, 949 MHz
2020/12/31 05:11:06.566, 43 %, 11 %, 52.40 W, 949 MHz
2020/12/31 05:11:07.569, 0 %, 0 %, 46.66 W, 949 MHz
2020/12/31 05:11:08.572, 35 %, 9 %, 51.82 W, 949 MHz
2020/12/31 05:11:09.574, 35 %, 9 %, 67.62 W, 949 MHz
2020/12/31 05:11:10.577, 0 %, 0 %, 46.67 W, 949 MHz
2020/12/31 05:11:11.580, 29 %, 8 %, 58.73 W, 949 MHz
2020/12/31 05:11:12.582, 43 %, 11 %, 60.27 W, 949 MHz
2020/12/31 05:11:13.585, 0 %, 0 %, 46.67 W, 949 MHz
2020/12/31 05:11:14.588, 23 %, 6 %, 67.08 W, 949 MHz
2020/12/31 05:11:15.590, 43 %, 11 %, 51.15 W, 949 MHz
2020/12/31 05:11:16.593, 17 %, 5 %, 46.57 W, 949 MHz
2020/12/31 05:11:17.596, 0 %, 0 %, 47.02 W, 949 MHz
2020/12/31 05:11:18.599, 47 %, 14 %, 73.27 W, 949 MHz
2020/12/31 05:11:19.601, 14 %, 4 %, 46.76 W, 949 MHz
2020/12/31 05:11:20.604, 14 %, 4 %, 60.27 W, 949 MHz
2020/12/31 05:11:21.607, 46 %, 12 %, 57.29 W, 949 MHz
2020/12/31 05:11:22.610, 29 %, 8 %, 54.12 W, 949 MHz
2020/12/31 05:11:23.612, 26 %, 7 %, 61.67 W, 949 MHz
2020/12/31 05:11:24.615, 21 %, 5 %, 60.27 W, 949 MHz
2020/12/31 05:11:25.618, 29 %, 7 %, 51.47 W, 949 MHz
2020/12/31 05:11:26.621, 0 %, 0 %, 46.57 W, 949 MHz
2020/12/31 05:11:27.621, 25 %, 6 %, 51.24 W, 949 MHz
2020/12/31 05:11:28.624, 32 %, 9 %, 48.49 W, 949 MHz
2020/12/31 05:11:29.625, 0 %, 0 %, 46.57 W, 949 MHz
2020/12/31 05:11:30.628, 29 %, 7 %, 46.76 W, 949 MHz
2020/12/31 05:11:31.630, 32 %, 8 %, 60.17 W, 949 MHz
2020/12/31 05:11:32.631, 0 %, 0 %, 46.67 W, 949 MHz
2020/12/31 05:11:33.634, 29 %, 8 %, 46.86 W, 949 MHz
2020/12/31 05:11:34.637, 29 %, 7 %, 58.06 W, 949 MHz
2020/12/31 05:11:35.640, 0 %, 0 %, 46.57 W, 949 MHz
2020/12/31 05:11:36.643, 35 %, 9 %, 63.24 W, 949 MHz
2020/12/31 05:11:37.648, 22 %, 6 %, 59.79 W, 949 MHz
2020/12/31 05:11:38.650, 35 %, 9 %, 62.44 W, 949 MHz
2020/12/31 05:11:39.653, 29 %, 7 %, 46.76 W, 949 MHz
2020/12/31 05:11:40.656, 14 %, 4 %, 61.03 W, 949 MHz
2020/12/31 05:11:41.658, 30 %, 8 %, 54.22 W, 949 MHz
2020/12/31 05:11:42.661, 39 %, 10 %, 53.93 W, 949 MHz
2020/12/31 05:11:43.664, 16 %, 4 %, 57.67 W, 949 MHz
2020/12/31 05:11:44.667, 36 %, 10 %, 47.34 W, 949 MHz
2020/12/31 05:11:45.669, 29 %, 7 %, 46.76 W, 949 MHz
2020/12/31 05:11:46.672, 17 %, 4 %, 57.96 W, 949 MHz
2020/12/31 05:11:47.675, 43 %, 11 %, 46.67 W, 949 MHz
2020/12/31 05:11:48.678, 42 %, 11 %, 56.52 W, 949 MHz
2020/12/31 05:11:49.681, 26 %, 6 %, 64.77 W, 949 MHz
2020/12/31 05:11:50.683, 0 %, 0 %, 46.57 W, 949 MHz
2020/12/31 05:11:51.686, 39 %, 10 %, 47.72 W, 949 MHz
2020/12/31 05:11:52.689, 29 %, 7 %, 69.92 W, 949 MHz
2020/12/31 05:11:53.692, 0 %, 0 %, 46.57 W, 949 MHz
2020/12/31 05:11:54.694, 29 %, 7 %, 53.83 W, 949 MHz
2020/12/31 05:11:55.697, 23 %, 6 %, 62.57 W, 949 MHz
2020/12/31 05:11:56.700, 0 %, 0 %, 46.67 W, 949 MHz
2020/12/31 05:11:57.702, 35 %, 9 %, 46.67 W, 949 MHz
2020/12/31 05:11:58.705, 21 %, 5 %, 64.84 W, 949 MHz
2020/12/31 05:11:59.711, 0 %, 0 %, 46.57 W, 949 MHz
2020/12/31 05:12:00.713, 43 %, 11 %, 53.16 W, 949 MHz
2020/12/31 05:12:01.716, 29 %, 7 %, 55.37 W, 949 MHz
2020/12/31 05:12:02.719, 0 %, 0 %, 46.57 W, 949 MHz
2020/12/31 05:12:03.722, 46 %, 12 %, 56.24 W, 949 MHz
2020/12/31 05:12:04.724, 29 %, 7 %, 47.72 W, 949 MHz
2020/12/31 05:12:05.727, 0 %, 0 %, 46.57 W, 949 MHz
2020/12/31 05:12:06.730, 35 %, 9 %, 63.72 W, 949 MHz
2020/12/31 05:12:07.733, 33 %, 8 %, 57.00 W, 949 MHz
2020/12/31 05:12:08.735, 0 %, 0 %, 46.57 W, 949 MHz
2020/12/31 05:12:09.738, 34 %, 9 %, 54.60 W, 949 MHz
2020/12/31 05:12:10.739, 43 %, 11 %, 48.11 W, 949 MHz
2020/12/31 05:12:11.742, 0 %, 0 %, 46.57 W, 949 MHz
2020/12/31 05:12:12.745, 30 %, 8 %, 48.20 W, 949 MHz
2020/12/31 05:12:13.747, 47 %, 12 %, 47.24 W, 949 MHz
2020/12/31 05:12:14.750, 0 %, 0 %, 46.57 W, 949 MHz
2020/12/31 05:12:15.751, 29 %, 7 %, 54.31 W, 949 MHz
2020/12/31 05:12:16.752, 43 %, 11 %, 49.54 W, 949 MHz
2020/12/31 05:12:17.755, 34 %, 10 %, 53.48 W, 949 MHz
2020/12/31 05:12:18.758, 31 %, 9 %, 65.25 W, 949 MHz
2020/12/31 05:12:19.758, 40 %, 12 %, 48.68 W, 949 MHz
2020/12/31 05:12:20.761, 0 %, 0 %, 46.57 W, 949 MHz
2020/12/31 05:12:21.762, 29 %, 7 %, 49.45 W, 949 MHz
2020/12/31 05:12:22.765, 47 %, 12 %, 47.44 W, 949 MHz
2020/12/31 05:12:23.768, 0 %, 0 %, 46.57 W, 949 MHz
2020/12/31 05:12:24.770, 26 %, 7 %, 46.66 W, 949 MHz
2020/12/31 05:12:25.773, 43 %, 11 %, 46.76 W, 949 MHz
2020/12/31 05:12:26.776, 0 %, 0 %, 46.57 W, 949 MHz
2020/12/31 05:12:27.778, 29 %, 7 %, 49.06 W, 949 MHz
2020/12/31 05:12:28.781, 43 %, 11 %, 47.14 W, 949 MHz
2020/12/31 05:12:29.784, 0 %, 0 %, 46.57 W, 949 MHz
2020/12/31 05:12:30.787, 30 %, 8 %, 48.11 W, 949 MHz
2020/12/31 05:12:31.789, 45 %, 11 %, 46.66 W, 949 MHz
2020/12/31 05:12:32.792, 7 %, 2 %, 46.57 W, 949 MHz
2020/12/31 05:12:33.795, 14 %, 4 %, 64.36 W, 949 MHz
2020/12/31 05:12:34.798, 29 %, 7 %, 63.59 W, 949 MHz
2020/12/31 05:12:35.800, 35 %, 10 %, 52.49 W, 949 MHz
2020/12/31 05:12:36.803, 17 %, 5 %, 59.31 W, 949 MHz
2020/12/31 05:12:37.806, 38 %, 11 %, 54.70 W, 949 MHz
2020/12/31 05:12:38.809, 29 %, 7 %, 60.46 W, 949 MHz
2020/12/31 05:12:39.811, 15 %, 4 %, 61.03 W, 949 MHz
2020/12/31 05:12:40.814, 36 %, 9 %, 48.56 W, 949 MHz
2020/12/31 05:12:41.820, 40 %, 10 %, 49.71 W, 949 MHz
2020/12/31 05:12:42.822, 29 %, 7 %, 64.16 W, 949 MHz
2020/12/31 05:12:43.825, 29 %, 7 %, 65.60 W, 949 MHz
2020/12/31 05:12:44.828, 26 %, 7 %, 46.85 W, 949 MHz
2020/12/31 05:12:45.830, 2 %, 0 %, 59.59 W, 949 MHz
2020/12/31 05:12:46.833, 36 %, 9 %, 55.47 W, 949 MHz
2020/12/31 05:12:47.836, 32 %, 9 %, 47.44 W, 949 MHz
2020/12/31 05:12:48.839, 0 %, 0 %, 68.00 W, 949 MHz
2020/12/31 05:12:49.842, 32 %, 9 %, 68.74 W, 949 MHz
2020/12/31 05:12:50.843, 51 %, 15 %, 47.62 W, 949 MHz
2020/12/31 05:12:51.846, 0 %, 0 %, 66.69 W, 949 MHz
2020/12/31 05:12:52.849, 27 %, 8 %, 47.53 W, 949 MHz
2020/12/31 05:12:53.852, 32 %, 9 %, 71.93 W, 949 MHz
2020/12/31 05:12:54.854, 43 %, 11 %, 52.97 W, 949 MHz
2020/12/31 05:12:55.857, 24 %, 6 %, 57.67 W, 949 MHz
2020/12/31 05:12:56.860, 35 %, 9 %, 51.85 W, 949 MHz
2020/12/31 05:12:57.863, 0 %, 0 %, 46.57 W, 949 MHz
2020/12/31 05:12:58.866, 14 %, 4 %, 46.67 W, 949 MHz
2020/12/31 05:12:59.868, 32 %, 8 %, 66.56 W, 949 MHz
2020/12/31 05:13:00.871, 0 %, 0 %, 46.57 W, 949 MHz
2020/12/31 05:13:01.874, 29 %, 7 %, 48.20 W, 949 MHz
2020/12/31 05:13:02.877, 29 %, 7 %, 46.67 W, 949 MHz
2020/12/31 05:13:03.879, 0 %, 0 %, 46.57 W, 949 MHz
2020/12/31 05:13:04.882, 25 %, 6 %, 64.45 W, 949 MHz
2020/12/31 05:13:05.885, 51 %, 13 %, 48.78 W, 949 MHz
2020/12/31 05:13:06.890, 17 %, 4 %, 61.03 W, 835 MHz
2020/12/31 05:13:07.892, 49 %, 11 %, 46.38 W, 835 MHz
2020/12/31 05:13:08.895, 32 %, 7 %, 46.28 W, 835 MHz
2020/12/31 05:13:09.898, 0 %, 0 %, 45.90 W, 835 MHz
2020/12/31 05:13:10.901, 40 %, 10 %, 46.67 W, 835 MHz
2020/12/31 05:13:11.903, 34 %, 9 %, 46.28 W, 835 MHz
2020/12/31 05:13:12.906, 0 %, 0 %, 45.99 W, 835 MHz
2020/12/31 05:13:13.909, 30 %, 8 %, 46.38 W, 835 MHz
2020/12/31 05:13:14.912, 38 %, 10 %, 60.36 W, 835 MHz
2020/12/31 05:13:15.915, 0 %, 0 %, 45.90 W, 835 MHz
2020/12/31 05:13:16.918, 34 %, 8 %, 54.51 W, 835 MHz
2020/12/31 05:13:17.921, 40 %, 9 %, 47.34 W, 835 MHz
2020/12/31 05:13:18.924, 32 %, 7 %, 46.76 W, 835 MHz
2020/12/31 05:13:19.926, 35 %, 8 %, 48.39 W, 835 MHz
2020/12/31 05:13:20.929, 48 %, 11 %, 56.81 W, 835 MHz
2020/12/31 05:13:21.932, 0 %, 0 %, 45.90 W, 835 MHz
2020/12/31 05:13:22.935, 30 %, 6 %, 48.97 W, 835 MHz
2020/12/31 05:13:23.938, 59 %, 13 %, 48.39 W, 835 MHz
2020/12/31 05:13:24.940, 34 %, 8 %, 51.37 W, 835 MHz
2020/12/31 05:13:25.943, 26 %, 6 %, 56.04 W, 835 MHz
2020/12/31 05:13:26.946, 45 %, 10 %, 57.96 W, 835 MHz
2020/12/31 05:13:27.949, 32 %, 7 %, 57.96 W, 835 MHz
2020/12/31 05:13:28.951, 31 %, 7 %, 55.47 W, 835 MHz
2020/12/31 05:13:29.954, 50 %, 11 %, 49.74 W, 835 MHz
2020/12/31 05:13:30.957, 32 %, 7 %, 65.32 W, 835 MHz
2020/12/31 05:13:31.960, 22 %, 5 %, 50.67 W, 835 MHz
2020/12/31 05:13:32.963, 49 %, 11 %, 51.27 W, 835 MHz
2020/12/31 05:13:33.965, 0 %, 0 %, 45.90 W, 835 MHz
2020/12/31 05:13:34.968, 16 %, 4 %, 52.40 W, 835 MHz
2020/12/31 05:13:35.971, 49 %, 11 %, 60.01 W, 835 MHz
2020/12/31 05:13:36.974, 0 %, 0 %, 45.99 W, 835 MHz
2020/12/31 05:13:37.977, 17 %, 4 %, 49.45 W, 835 MHz
2020/12/31 05:13:38.980, 47 %, 10 %, 62.47 W, 835 MHz
2020/12/31 05:13:39.982, 0 %, 0 %, 45.90 W, 835 MHz
2020/12/31 05:13:40.988, 19 %, 5 %, 68.58 W, 835 MHz
2020/12/31 05:13:41.991, 29 %, 8 %, 63.82 W, 835 MHz
2020/12/31 05:13:42.993, 0 %, 0 %, 45.90 W, 835 MHz
2020/12/31 05:13:43.996, 20 %, 5 %, 58.63 W, 835 MHz
2020/12/31 05:13:44.999, 41 %, 11 %, 62.15 W, 835 MHz
2020/12/31 05:13:46.001, 0 %, 0 %, 45.99 W, 835 MHz
2020/12/31 05:13:47.004, 28 %, 6 %, 63.20 W, 835 MHz
2020/12/31 05:13:48.005, 38 %, 8 %, 60.14 W, 835 MHz
2020/12/31 05:13:49.008, 0 %, 0 %, 45.90 W, 835 MHz
2020/12/31 05:13:50.011, 25 %, 6 %, 65.22 W, 835 MHz
2020/12/31 05:13:51.013, 42 %, 9 %, 48.49 W, 835 MHz
2020/12/31 05:13:52.016, 0 %, 0 %, 45.90 W, 835 MHz
2020/12/31 05:13:53.019, 33 %, 7 %, 46.57 W, 835 MHz
2020/12/31 05:13:54.022, 53 %, 12 %, 46.67 W, 835 MHz
2020/12/31 05:13:55.024, 0 %, 0 %, 45.90 W, 835 MHz
2020/12/31 05:13:56.025, 33 %, 7 %, 52.01 W, 835 MHz
2020/12/31 05:13:57.028, 52 %, 11 %, 48.68 W, 835 MHz
2020/12/31 05:13:58.031, 0 %, 0 %, 45.99 W, 835 MHz
2020/12/31 05:13:59.034, 26 %, 6 %, 57.87 W, 835 MHz
2020/12/31 05:14:00.037, 45 %, 10 %, 61.13 W, 835 MHz
2020/12/31 05:14:01.039, 0 %, 0 %, 45.90 W, 835 MHz
2020/12/31 05:14:02.042, 33 %, 7 %, 61.13 W, 835 MHz
2020/12/31 05:14:03.043, 49 %, 11 %, 51.47 W, 835 MHz
2020/12/31 05:14:04.046, 16 %, 4 %, 45.99 W, 835 MHz
2020/12/31 05:14:05.047, 13 %, 3 %, 55.95 W, 835 MHz
2020/12/31 05:14:06.049, 37 %, 8 %, 52.01 W, 835 MHz
2020/12/31 05:14:07.051, 1 %, 1 %, 45.99 W, 835 MHz
2020/12/31 05:14:08.054, 16 %, 4 %, 60.65 W, 835 MHz
2020/12/31 05:14:09.057, 32 %, 7 %, 61.99 W, 835 MHz
2020/12/31 05:14:10.060, 0 %, 0 %, 45.99 W, 835 MHz
2020/12/31 05:14:11.062, 49 %, 11 %, 46.38 W, 835 MHz
2020/12/31 05:14:12.065, 32 %, 7 %, 54.03 W, 835 MHz
2020/12/31 05:14:13.066, 0 %, 0 %, 45.99 W, 835 MHz
2020/12/31 05:14:14.069, 49 %, 11 %, 47.91 W, 835 MHz
2020/12/31 05:14:15.072, 32 %, 7 %, 49.71 W, 835 MHz
2020/12/31 05:14:16.074, 0 %, 0 %, 46.19 W, 835 MHz
2020/12/31 05:14:17.077, 49 %, 11 %, 46.18 W, 835 MHz
2020/12/31 05:14:18.080, 28 %, 6 %, 62.37 W, 835 MHz
2020/12/31 05:14:19.081, 0 %, 0 %, 45.90 W, 835 MHz
2020/12/31 05:14:20.082, 49 %, 11 %, 46.67 W, 835 MHz
2020/12/31 05:14:21.085, 32 %, 7 %, 59.46 W, 835 MHz
2020/12/31 05:14:22.088, 1 %, 1 %, 45.99 W, 835 MHz
2020/12/31 05:14:23.089, 49 %, 11 %, 48.68 W, 835 MHz
2020/12/31 05:14:24.091, 24 %, 5 %, 66.18 W, 835 MHz
2020/12/31 05:14:25.094, 0 %, 0 %, 45.90 W, 835 MHz
2020/12/31 05:14:26.095, 49 %, 11 %, 50.28 W, 835 MHz
2020/12/31 05:14:27.098, 30 %, 7 %, 49.45 W, 835 MHz
2020/12/31 05:14:28.103, 48 %, 11 %, 45.99 W, 835 MHz
2020/12/31 05:14:29.103, 0 %, 0 %, 66.37 W, 835 MHz
2020/12/31 05:14:30.106, 32 %, 7 %, 64.58 W, 835 MHz
2020/12/31 05:14:31.110, 50 %, 11 %, 45.99 W, 835 MHz
2020/12/31 05:14:32.112, 0 %, 0 %, 53.64 W, 835 MHz
2020/12/31 05:14:33.115, 32 %, 7 %, 46.18 W, 835 MHz
2020/12/31 05:14:34.118, 44 %, 10 %, 45.99 W, 835 MHz
2020/12/31 05:14:35.121, 0 %, 0 %, 53.16 W, 835 MHz
2020/12/31 05:14:36.124, 38 %, 9 %, 49.35 W, 835 MHz
2020/12/31 05:14:37.126, 32 %, 7 %, 46.09 W, 835 MHz
2020/12/31 05:14:38.129, 0 %, 0 %, 58.83 W, 835 MHz
2020/12/31 05:14:39.132, 48 %, 11 %, 47.53 W, 835 MHz
2020/12/31 05:14:40.135, 29 %, 7 %, 46.18 W, 835 MHz
2020/12/31 05:14:41.137, 0 %, 0 %, 63.40 W, 835 MHz
2020/12/31 05:14:42.138, 0 %, 0 %, 45.90 W, 835 MHz
2020/12/31 05:14:43.139, 30 %, 6 %, 47.43 W, 835 MHz
2020/12/31 05:14:44.142, 0 %, 0 %, 45.90 W, 835 MHz
2020/12/31 05:14:45.145, 54 %, 14 %, 65.70 W, 835 MHz
2020/12/31 05:14:46.148, 27 %, 7 %, 52.78 W, 835 MHz
2020/12/31 05:14:47.150, 0 %, 0 %, 45.90 W, 835 MHz
2020/12/31 05:14:48.153, 38 %, 10 %, 46.09 W, 835 MHz
2020/12/31 05:14:49.156, 20 %, 5 %, 51.15 W, 835 MHz
2020/12/31 05:14:50.159, 0 %, 0 %, 45.90 W, 835 MHz
2020/12/31 05:14:51.162, 33 %, 8 %, 50.22 W, 835 MHz
2020/12/31 05:14:52.164, 25 %, 7 %, 59.79 W, 835 MHz
2020/12/31 05:14:53.170, 0 %, 0 %, 45.80 W, 835 MHz
2020/12/31 05:14:54.173, 29 %, 7 %, 70.11 W, 835 MHz
2020/12/31 05:14:55.175, 26 %, 7 %, 52.20 W, 835 MHz
2020/12/31 05:14:56.178, 19 %, 4 %, 95.61 W, 835 MHz
2020/12/31 05:14:57.181, 71 %, 47 %, 50.96 W, 835 MHz
2020/12/31 05:14:58.184, 66 %, 25 %, 79.57 W, 835 MHz
2020/12/31 05:14:59.186, 48 %, 24 %, 96.69 W, 835 MHz
2020/12/31 05:15:00.189, 99 %, 60 %, 66.27 W, 835 MHz
2020/12/31 05:15:01.192, 0 %, 0 %, 101.58 W, 835 MHz
2020/12/31 05:15:02.195, 85 %, 54 %, 101.79 W, 835 MHz
2020/12/31 05:15:03.197, 73 %, 35 %, 86.64 W, 835 MHz
2020/12/31 05:15:04.200, 100 %, 59 %, 46.76 W, 835 MHz
2020/12/31 05:15:05.203, 43 %, 23 %, 90.53 W, 835 MHz
2020/12/31 05:15:06.206, 60 %, 29 %, 91.01 W, 835 MHz
2020/12/31 05:15:07.208, 32 %, 14 %, 97.51 W, 835 MHz
2020/12/31 05:15:08.211, 44 %, 22 %, 96.95 W, 835 MHz
2020/12/31 05:15:09.214, 53 %, 27 %, 48.78 W, 835 MHz
2020/12/31 05:15:10.217, 24 %, 12 %, 46.38 W, 835 MHz
2020/12/31 05:15:11.219, 39 %, 18 %, 87.28 W, 835 MHz
2020/12/31 05:15:12.222, 55 %, 23 %, 86.46 W, 835 MHz
2020/12/31 05:15:13.225, 33 %, 13 %, 77.26 W, 835 MHz
2020/12/31 05:15:14.230, 28 %, 11 %, 52.01 W, 835 MHz
2020/12/31 05:15:15.233, 0 %, 0 %, 45.99 W, 835 MHz
2020/12/31 05:15:16.236, 31 %, 10 %, 76.44 W, 835 MHz
2020/12/31 05:15:17.239, 22 %, 7 %, 46.48 W, 835 MHz
2020/12/31 05:15:18.242, 0 %, 0 %, 45.99 W, 835 MHz
2020/12/31 05:15:19.244, 34 %, 9 %, 66.66 W, 835 MHz
2020/12/31 05:15:20.247, 23 %, 6 %, 59.08 W, 835 MHz
2020/12/31 05:15:21.250, 38 %, 10 %, 47.15 W, 835 MHz
2020/12/31 05:15:22.253, 31 %, 8 %, 46.28 W, 835 MHz
2020/12/31 05:15:23.256, 28 %, 7 %, 63.68 W, 835 MHz
2020/12/31 05:15:24.258, 0 %, 0 %, 46.09 W, 835 MHz
2020/12/31 05:15:25.261, 52 %, 13 %, 69.28 W, 835 MHz
2020/12/31 05:15:26.264, 38 %, 10 %, 66.09 W, 835 MHz
2020/12/31 05:15:27.267, 0 %, 0 %, 45.99 W, 835 MHz
2020/12/31 05:15:28.269, 46 %, 10 %, 62.85 W, 835 MHz
2020/12/31 05:15:29.272, 25 %, 6 %, 58.54 W, 835 MHz
2020/12/31 05:15:30.275, 0 %, 0 %, 45.99 W, 835 MHz
2020/12/31 05:15:31.278, 49 %, 11 %, 46.38 W, 835 MHz
2020/12/31 05:15:32.281, 32 %, 7 %, 53.93 W, 835 MHz
2020/12/31 05:15:33.283, 0 %, 0 %, 45.99 W, 835 MHz
2020/12/31 05:15:34.286, 49 %, 11 %, 46.28 W, 835 MHz
2020/12/31 05:15:35.289, 32 %, 7 %, 67.14 W, 835 MHz
2020/12/31 05:15:36.292, 0 %, 0 %, 45.99 W, 835 MHz
2020/12/31 05:15:37.297, 44 %, 11 %, 46.47 W, 835 MHz
2020/12/31 05:15:38.300, 35 %, 9 %, 69.63 W, 835 MHz
2020/12/31 05:15:39.303, 16 %, 4 %, 46.09 W, 835 MHz
2020/12/31 05:15:40.305, 13 %, 3 %, 60.17 W, 835 MHz
2020/12/31 05:15:41.308, 45 %, 10 %, 57.38 W, 835 MHz
2020/12/31 05:15:42.311, 16 %, 4 %, 46.18 W, 835 MHz
2020/12/31 05:15:43.314, 1 %, 0 %, 55.66 W, 835 MHz
2020/12/31 05:15:44.317, 41 %, 9 %, 63.88 W, 835 MHz
2020/12/31 05:15:45.319, 28 %, 6 %, 46.67 W, 835 MHz
2020/12/31 05:15:46.322, 0 %, 0 %, 45.90 W, 835 MHz
2020/12/31 05:15:47.325, 49 %, 11 %, 59.40 W, 835 MHz
2020/12/31 05:15:48.328, 18 %, 4 %, 46.47 W, 835 MHz
2020/12/31 05:15:49.330, 46 %, 10 %, 46.76 W, 835 MHz
2020/12/31 05:15:50.333, 33 %, 7 %, 55.08 W, 835 MHz
2020/12/31 05:15:51.336, 20 %, 4 %, 46.28 W, 835 MHz
2020/12/31 05:15:52.339, 0 %, 0 %, 45.90 W, 835 MHz
2020/12/31 05:15:53.342, 49 %, 11 %, 55.75 W, 835 MHz
2020/12/31 05:15:54.344, 24 %, 5 %, 54.41 W, 835 MHz
2020/12/31 05:15:55.347, 0 %, 0 %, 46.00 W, 835 MHz
2020/12/31 05:15:56.350, 34 %, 7 %, 47.15 W, 835 MHz
2020/12/31 05:15:57.353, 28 %, 6 %, 62.95 W, 835 MHz
2020/12/31 05:15:58.356, 0 %, 0 %, 45.99 W, 835 MHz
2020/12/31 05:15:59.362, 32 %, 7 %, 61.42 W, 835 MHz
2020/12/31 05:16:00.364, 28 %, 6 %, 51.82 W, 835 MHz
2020/12/31 05:16:01.367, 36 %, 8 %, 59.88 W, 835 MHz
2020/12/31 05:16:02.370, 24 %, 5 %, 59.21 W, 835 MHz
2020/12/31 05:16:03.373, 22 %, 5 %, 59.21 W, 835 MHz
2020/12/31 05:16:04.376, 0 %, 0 %, 45.90 W, 835 MHz
2020/12/31 05:16:05.378, 34 %, 7 %, 46.28 W, 835 MHz
2020/12/31 05:16:06.381, 29 %, 7 %, 50.70 W, 835 MHz
2020/12/31 05:16:07.384, 32 %, 7 %, 56.81 W, 835 MHz
2020/12/31 05:16:08.387, 36 %, 8 %, 56.27 W, 835 MHz
2020/12/31 05:16:09.390, 22 %, 5 %, 60.55 W, 835 MHz
2020/12/31 05:16:10.392, 0 %, 0 %, 45.90 W, 835 MHz
2020/12/31 05:16:11.395, 57 %, 13 %, 48.97 W, 835 MHz
2020/12/31 05:16:12.398, 32 %, 7 %, 49.64 W, 835 MHz
2020/12/31 05:16:13.401, 0 %, 0 %, 45.99 W, 835 MHz
2020/12/31 05:16:14.403, 39 %, 10 %, 71.84 W, 835 MHz
2020/12/31 05:16:15.406, 29 %, 7 %, 52.88 W, 835 MHz
2020/12/31 05:16:16.409, 0 %, 0 %, 45.90 W, 835 MHz
2020/12/31 05:16:17.412, 49 %, 11 %, 62.15 W, 835 MHz
2020/12/31 05:16:18.415, 32 %, 7 %, 60.84 W, 835 MHz
2020/12/31 05:16:19.417, 0 %, 0 %, 45.99 W, 835 MHz
2020/12/31 05:16:20.420, 56 %, 12 %, 48.01 W, 835 MHz
2020/12/31 05:16:21.423, 32 %, 7 %, 46.57 W, 835 MHz
2020/12/31 05:16:22.426, 0 %, 0 %, 45.90 W, 835 MHz
2020/12/31 05:16:23.429, 49 %, 11 %, 46.38 W, 835 MHz
2020/12/31 05:16:24.434, 28 %, 6 %, 47.14 W, 835 MHz
2020/12/31 05:16:25.437, 0 %, 0 %, 45.90 W, 835 MHz
2020/12/31 05:16:26.440, 49 %, 11 %, 48.29 W, 835 MHz
2020/12/31 05:16:27.443, 33 %, 7 %, 48.94 W, 835 MHz
2020/12/31 05:16:28.446, 0 %, 0 %, 45.90 W, 835 MHz
2020/12/31 05:16:29.449, 58 %, 15 %, 47.62 W, 835 MHz
2020/12/31 05:16:30.452, 30 %, 8 %, 54.60 W, 835 MHz
2020/12/31 05:16:31.454, 37 %, 10 %, 65.79 W, 835 MHz
2020/12/31 05:16:32.457, 51 %, 13 %, 67.97 W, 835 MHz
2020/12/31 05:16:33.460, 32 %, 8 %, 55.18 W, 835 MHz
2020/12/31 05:16:34.463, 33 %, 8 %, 57.00 W, 835 MHz
2020/12/31 05:16:35.464, 55 %, 14 %, 46.85 W, 835 MHz
2020/12/31 05:16:36.467, 28 %, 8 %, 46.76 W, 835 MHz
2020/12/31 05:16:37.469, 0 %, 0 %, 45.99 W, 835 MHz
2020/12/31 05:16:38.472, 38 %, 9 %, 51.44 W, 835 MHz
2020/12/31 05:16:39.475, 36 %, 8 %, 47.82 W, 835 MHz
2020/12/31 05:16:40.478, 0 %, 0 %, 46.00 W, 835 MHz
2020/12/31 05:16:41.481, 44 %, 10 %, 62.92 W, 835 MHz
2020/12/31 05:16:42.482, 32 %, 7 %, 47.24 W, 835 MHz
2020/12/31 05:16:43.485, 0 %, 0 %, 45.90 W, 835 MHz
2020/12/31 05:16:44.487, 33 %, 7 %, 63.15 W, 835 MHz
2020/12/31 05:16:45.490, 44 %, 10 %, 47.24 W, 835 MHz
2020/12/31 05:16:46.495, 0 %, 0 %, 46.00 W, 835 MHz
2020/12/31 05:16:47.499, 27 %, 6 %, 46.66 W, 835 MHz
2020/12/31 05:16:48.502, 44 %, 10 %, 47.05 W, 835 MHz
2020/12/31 05:16:49.505, 0 %, 0 %, 45.99 W, 835 MHz
2020/12/31 05:16:50.508, 24 %, 6 %, 47.43 W, 835 MHz
2020/12/31 05:16:51.511, 49 %, 11 %, 46.28 W, 835 MHz
2020/12/31 05:16:52.513, 16 %, 4 %, 46.00 W, 835 MHz
2020/12/31 05:16:53.516, 16 %, 4 %, 47.81 W, 835 MHz
2020/12/31 05:16:54.519, 32 %, 7 %, 48.20 W, 835 MHz
2020/12/31 05:16:55.521, 0 %, 0 %, 45.99 W, 835 MHz
2020/12/31 05:16:56.524, 30 %, 7 %, 47.24 W, 835 MHz
2020/12/31 05:16:57.527, 32 %, 7 %, 48.68 W, 835 MHz
2020/12/31 05:16:58.530, 16 %, 4 %, 45.99 W, 835 MHz
2020/12/31 05:16:59.532, 1 %, 0 %, 47.24 W, 835 MHz
2020/12/31 05:17:00.535, 49 %, 11 %, 47.53 W, 835 MHz
2020/12/31 05:17:01.538, 23 %, 5 %, 45.99 W, 835 MHz
2020/12/31 05:17:02.539, 0 %, 0 %, 55.75 W, 835 MHz
2020/12/31 05:17:03.542, 47 %, 11 %, 56.23 W, 835 MHz
2020/12/31 05:17:04.544, 21 %, 5 %, 46.09 W, 835 MHz
2020/12/31 05:17:05.547, 0 %, 0 %, 46.38 W, 835 MHz
2020/12/31 05:17:06.550, 30 %, 7 %, 61.61 W, 835 MHz
2020/12/31 05:17:07.553, 36 %, 9 %, 46.48 W, 835 MHz
2020/12/31 05:17:08.556, 0 %, 0 %, 45.90 W, 835 MHz
2020/12/31 05:17:09.558, 33 %, 8 %, 68.20 W, 835 MHz
2020/12/31 05:17:10.561, 38 %, 10 %, 46.76 W, 835 MHz
2020/12/31 05:17:11.564, 0 %, 0 %, 45.99 W, 835 MHz
2020/12/31 05:17:12.567, 38 %, 10 %, 65.45 W, 835 MHz
2020/12/31 05:17:13.568, 31 %, 8 %, 48.01 W, 835 MHz
2020/12/31 05:17:14.571, 0 %, 0 %, 45.99 W, 835 MHz
2020/12/31 05:17:15.574, 20 %, 5 %, 68.58 W, 835 MHz
2020/12/31 05:17:16.579, 29 %, 7 %, 71.55 W, 835 MHz
2020/12/31 05:17:17.582, 39 %, 10 %, 58.25 W, 835 MHz
2020/12/31 05:17:18.585, 35 %, 9 %, 61.89 W, 835 MHz
2020/12/31 05:17:19.588, 39 %, 10 %, 66.85 W, 835 MHz
2020/12/31 05:17:20.591, 0 %, 0 %, 45.90 W, 835 MHz
2020/12/31 05:17:21.594, 19 %, 5 %, 46.18 W, 835 MHz
2020/12/31 05:17:22.597, 38 %, 10 %, 67.36 W, 835 MHz
2020/12/31 05:17:23.600, 29 %, 7 %, 50.31 W, 835 MHz
2020/12/31 05:17:24.603, 19 %, 5 %, 46.09 W, 835 MHz
2020/12/31 05:17:25.606, 35 %, 9 %, 47.34 W, 835 MHz
2020/12/31 05:17:26.609, 32 %, 8 %, 58.03 W, 835 MHz
2020/12/31 05:17:27.611, 27 %, 7 %, 46.19 W, 835 MHz
2020/12/31 05:17:28.614, 40 %, 10 %, 48.39 W, 835 MHz
2020/12/31 05:17:29.617, 28 %, 6 %, 57.87 W, 835 MHz
2020/12/31 05:17:30.620, 19 %, 4 %, 48.17 W, 835 MHz
2020/12/31 05:17:31.623, 0 %, 0 %, 45.99 W, 835 MHz
