, Througput (image/sec), power, batch size, BestBS, power cap,,,
input\01_InceptionV1_Clipper.txt,139.6923535,170.15,42,41,131,0,0,0
input\02_InceptionV2_Clipper.txt,137.8682589,161.09,35,34,123,0,0,0
input\03_InceptionV3_Clipper.txt,83.50995118,228.02,93,92,228,0,0,0
input\04_InceptionV4_Clipper.txt,25.68056525,124.67,1,0,84,0,0,0
input\05_MobilenetV1_1_Clipper.txt,114.1140011,171.46,53,52,145,0,0,0
input\06_MobilenetV1_05_Clipper.txt,138.2601641,147.57,67,66,89,0,0,0
input\07_MobilenetV1_025_Clipper.txt,149.6717402,167.54,165,164,112,0,0,0
input\08_MobilenetV2_1_Clipper.txt,132.3260904,165.74,26,25,89,0,0,0
input\09_MobilenetV2_14_Clipper.txt,130.7097204,196.18,82,81,164,0,0,0
input\10_NASNet_A_Large_331_Clipper.txt,17.97784864,134.62,1,0,83,0,0,0
input\11_NASNet_A_Mobile_224_Clipper.txt,97.64886065,161.64,105,104,159,0,0,0
input\12_PNASNet_5_Mobile_224_Clipper.txt,128.0950224,187.76,233,236,246,0,0,0
input\13_ResNetV2_50_Clipper.txt,109.6415701,173.07,32,31,143,0,0,0
input\14_ResNetV2_101_Clipper.txt,106.3249957,187.39,31,30,167,0,0,0
input\15_ResNetV2_152_Clipper.txt,88.23797703,203.11,61,60,237,0,0,0
input\16_InceptionV1_Clipper.txt,241.4153323,159.51,33,32,125,0,0,0
input\17_InceptionV2_Clipper.txt,186.7363289,195,87,86,192,0,0,0
input\18_InceptionV3_Clipper.txt,100.6576592,134.66,6,5,80,0,0,0
input\19_InceptionV4_Clipper.txt,107.5232512,220.02,61,60,245,0,0,0
input\20_MobilenetV1_1_Clipper.txt,222.2375939,161.81,26,25,98,0,0,0
input\21_MobilenetV1_05_Clipper.txt,288.6233239,155.14,103,102,120,0,0,0
input\22_MobilenetV1_025_Clipper.txt,272.3015277,112.78,120,119,92,0,0,0
input\23_MobilenetV2_1_Clipper.txt,180.7140674,212.72,169,168,208,0,0,0
input\24_MobilenetV2_14_Clipper.txt,199.9497473,167.16,57,56,152,0,0,0
input\25_NASNet_A_Mobile_224_Clipper.txt,174.8900449,147.35,47,46,135,0,0,0
input\26_PNASNet_5_Large_331_Clipper.txt,21.28926224,137.72,1,0,86,0,0,0
input\27_PNASNet_5_Mobile_224_Clipper.txt,182.844085,148.5,47,46,136,0,0,0
input\28_ResNetV2_50_Clipper.txt,185.3584248,206.61,82,81,198,0,0,0
input\29_ResNetV2_101_Clipper.txt,147.2198395,214.17,85,84,236,0,0,0
input\30_ResNetV2_152_Clipper.txt,77.91788192,145.36,5,4,88,0,0,0
