, Througput (image/sec), power, batch size, BestBS, power cap,,,
input\01_InceptionV1_Clipper.txt,0.199307568,50.86,1,0,131,0,0,0
input\02_InceptionV2_Clipper.txt,0.192016897,50.96,1,0,123,0,0,0
input\03_InceptionV3_Clipper.txt,0.167137998,57,1,0,228,0,0,0
input\04_InceptionV4_Clipper.txt,0.130790947,51.63,1,0,84,0,0,0
input\05_MobilenetV1_1_Clipper.txt,0.224762595,51.44,1,0,145,0,0,0
input\06_MobilenetV1_05_Clipper.txt,0.229630037,50.86,1,0,89,0,0,0
input\07_MobilenetV1_025_Clipper.txt,0.238249537,50.7,1,0,112,0,0,0
input\08_MobilenetV2_1_Clipper.txt,0.219342206,50.79,1,0,89,0,0,0
input\09_MobilenetV2_14_Clipper.txt,0.218456132,56.43,1,0,164,0,0,0
input\10_NASNet_A_Large_331_Clipper.txt,0.05818908,56.52,1,0,83,0,0,0
input\11_NASNet_A_Mobile_224_Clipper.txt,0.152496606,56.81,1,0,159,0,0,0
input\12_PNASNet_5_Mobile_224_Clipper.txt,0.156953964,52.3,1,0,246,0,0,0
input\13_ResNetV2_50_Clipper.txt,0.186151757,51.15,1,0,143,0,0,0
input\14_ResNetV2_101_Clipper.txt,0.14841631,51.34,1,0,167,0,0,0
input\15_ResNetV2_152_Clipper.txt,0.119343662,57.29,1,0,237,0,0,0
input\16_InceptionV1_Clipper.txt,0.20088038,51.44,1,0,125,0,0,0
input\17_InceptionV2_Clipper.txt,0.189781011,56.91,1,0,192,0,0,0
input\18_InceptionV3_Clipper.txt,0.17675683,50.86,1,0,80,0,0,0
input\19_InceptionV4_Clipper.txt,0.145931548,57.39,1,0,245,0,0,0
input\20_MobilenetV1_1_Clipper.txt,0.235550232,51.05,1,0,98,0,0,0
input\21_MobilenetV1_05_Clipper.txt,0.235381294,50.79,1,0,120,0,0,0
input\22_MobilenetV1_025_Clipper.txt,0.249100195,50.67,1,0,92,0,0,0
input\23_MobilenetV2_1_Clipper.txt,0.221885932,56.14,1,0,208,0,0,0
input\24_MobilenetV2_14_Clipper.txt,0.208196965,51.34,1,0,152,0,0,0
input\25_NASNet_A_Mobile_224_Clipper.txt,0.15402855,50.96,1,0,135,0,0,0
input\26_PNASNet_5_Large_331_Clipper.txt,0.070929552,56.62,1,0,86,0,0,0
input\27_PNASNet_5_Mobile_224_Clipper.txt,0.158390853,51.15,1,0,136,0,0,0
input\28_ResNetV2_50_Clipper.txt,0.18284073,56.91,1,0,198,0,0,0
input\29_ResNetV2_101_Clipper.txt,0.167590679,57.39,1,0,236,0,0,0
input\30_ResNetV2_152_Clipper.txt,0.121749323,51.18,1,0,88,0,0,0
