, Througput (image/sec), power, batch size, minBS, maxBS, BestBS, power cap, DVFS
input\01_InceptionV1_BatchSizer.txt,0.204459547,46.85,1,0,254,0,131,1063
input\02_InceptionV2_BatchSizer.txt,0.195252814,47.34,1,0,169,0,123,1063
input\03_InceptionV3_BatchSizer.txt,0.16828699,93.97,1,0,254,0,228,1063
input\04_InceptionV4_BatchSizer.txt,0.155774478,46.47,1,0,1,0,84,949
input\05_MobilenetV1_1_BatchSizer.txt,0.229168688,47.62,1,0,47,0,145,1063
input\06_MobilenetV1_05_BatchSizer.txt,0.230070756,47.43,1,0,71,0,89,1063
input\07_MobilenetV1_025_BatchSizer.txt,0.242744834,47.43,1,0,254,0,112,1063
input\08_MobilenetV2_1_BatchSizer.txt,0.215540007,47.33,1,0,6,0,89,1063
input\09_MobilenetV2_14_BatchSizer.txt,0.214252183,56.62,1,0,112,0,164,1063
input\10_NASNet_A_Large_331_BatchSizer.txt,0.062041198,46.47,1,0,1,0,83,949
input\11_NASNet_A_Mobile_224_BatchSizer.txt,0.153912053,56.33,1,0,142,0,159,1063
input\12_PNASNet_5_Mobile_224_BatchSizer.txt,0.155578485,56.53,1,0,254,0,246,1063
input\13_ResNetV2_50_BatchSizer.txt,0.184950299,47.63,1,0,254,0,143,1063
input\14_ResNetV2_101_BatchSizer.txt,0.142391178,92.93,1,0,254,0,167,1063
input\15_ResNetV2_152_BatchSizer.txt,0.126077029,81.47,1,0,254,0,237,1063
input\16_InceptionV1_BatchSizer.txt,0.19640145,47.72,1,0,249,0,125,1063
input\17_InceptionV2_BatchSizer.txt,0.193615822,57,1,0,192,0,192,1063
input\18_InceptionV3_BatchSizer.txt,0.157971191,46.38,1,0,2,0,80,949
input\19_InceptionV4_BatchSizer.txt,0.124791022,97.46,1,0,254,0,245,1063
input\20_MobilenetV1_1_BatchSizer.txt,0.227051563,47.53,1,0,35,0,98,1063
input\21_MobilenetV1_05_BatchSizer.txt,0.230206123,47.34,1,0,175,0,120,1063
input\22_MobilenetV1_025_BatchSizer.txt,0.224626875,47.24,1,0,127,0,92,1063
input\23_MobilenetV2_1_BatchSizer.txt,0.231533518,56.14,1,0,254,0,208,1063
input\24_MobilenetV2_14_BatchSizer.txt,0.212289798,86.89,1,0,254,0,152,1063
input\25_NASNet_A_Mobile_224_BatchSizer.txt,0.158206543,47.62,1,0,254,0,135,1063
input\26_PNASNet_5_Large_331_BatchSizer.txt,0.072030131,46.47,1,0,254,0,86,949
input\27_PNASNet_5_Mobile_224_BatchSizer.txt,0.15415886,61.8,1,0,254,0,136,1063
input\28_ResNetV2_50_BatchSizer.txt,0.187662048,56.91,1,0,79,0,198,1063
input\29_ResNetV2_101_BatchSizer.txt,0.148850261,75.05,1,0,254,0,236,1063
input\30_ResNetV2_152_BatchSizer.txt,0.121111401,47.34,1,0,2,0,88,1063
