timestamp, utilization.gpu [%], utilization.memory [%], power.draw [W], clocks.current.sm [MHz],
input\01_InceptionV1_Clipper.txt_nvidiasmi_output.csv,7.72246696,4.568281938,62.609163,1484.070485,0
input\02_InceptionV2_Clipper.txt_nvidiasmi_output.csv,9.32244898,4.951020408,65.00506122,1487.306122,0
input\03_InceptionV3_Clipper.txt_nvidiasmi_output.csv,21.60727273,14.73454545,85.70156364,1531,0
input\04_InceptionV4_Clipper.txt_nvidiasmi_output.csv,21.6808642,6.008024691,68.33164815,1523.390741,0
input\05_MobilenetV1_1_Clipper.txt_nvidiasmi_output.csv,8.907834101,7.387096774,61.74419355,1510.585253,0
input\06_MobilenetV1_05_Clipper.txt_nvidiasmi_output.csv,3.264864865,2.340540541,57.05805405,1448.454054,0
input\07_MobilenetV1_025_Clipper.txt_nvidiasmi_output.csv,2.322033898,1.333333333,52.52282486,1357.548023,0
input\08_MobilenetV2_1_Clipper.txt_nvidiasmi_output.csv,6.323741007,4.647482014,59.42226619,1461.205036,0
input\09_MobilenetV2_14_Clipper.txt_nvidiasmi_output.csv,10.0787037,8.49537037,67.90351852,1528.888889,0
input\10_NASNet_A_Large_331_Clipper.txt_nvidiasmi_output.csv,28.07159569,9.841366401,75.46974731,1527.232101,0
input\11_NASNet_A_Mobile_224_Clipper.txt_nvidiasmi_output.csv,13.41860465,9.618604651,65.19446512,1499.534884,0
input\12_PNASNet_5_Mobile_224_Clipper.txt_nvidiasmi_output.csv,14.49115044,11.08849558,70.24668142,1518.561947,0
input\13_ResNetV2_50_Clipper.txt_nvidiasmi_output.csv,12.41697417,8.878228782,72.3003321,1482.439114,0
input\14_ResNetV2_101_Clipper.txt_nvidiasmi_output.csv,17.39393939,12.11111111,78.14468013,1483.572391,0
input\15_ResNetV2_152_Clipper.txt_nvidiasmi_output.csv,26.74531835,20.94756554,88.24524345,1531,0
input\16_InceptionV1_Clipper.txt_nvidiasmi_output.csv,9.792207792,5.584415584,63.80458874,1475.484848,0
input\17_InceptionV2_Clipper.txt_nvidiasmi_output.csv,13.12244898,7.469387755,73.43,1527.387755,0
input\18_InceptionV3_Clipper.txt_nvidiasmi_output.csv,16.76285414,4.348373557,58.29590766,1321.941238,0
input\19_InceptionV4_Clipper.txt_nvidiasmi_output.csv,36.12367491,24.30035336,107.0832509,1518.385159,0
input\20_MobilenetV1_1_Clipper.txt_nvidiasmi_output.csv,8.285185185,6.344444444,62.13640741,1459.585185,0
input\21_MobilenetV1_05_Clipper.txt_nvidiasmi_output.csv,5.094594595,3.621621622,58.80081081,1448.472973,0
input\22_MobilenetV1_025_Clipper.txt_nvidiasmi_output.csv,2.405405405,1.344594595,53.33155405,1350.756757,0
input\23_MobilenetV2_1_Clipper.txt_nvidiasmi_output.csv,18.51336898,15.26203209,74.09197861,1524.903743,0
input\24_MobilenetV2_14_Clipper.txt_nvidiasmi_output.csv,16.01960784,13.58823529,71.34803922,1504.769608,0
input\25_NASNet_A_Mobile_224_Clipper.txt_nvidiasmi_output.csv,14.56018519,9.421296296,65.06134259,1434.578704,0
input\26_PNASNet_5_Large_331_Clipper.txt_nvidiasmi_output.csv,27.9794686,11.42673108,79.22779791,1530.173913,0
input\27_PNASNet_5_Mobile_224_Clipper.txt_nvidiasmi_output.csv,16.46859903,11.38647343,66.52328502,1459.855072,0
input\28_ResNetV2_50_Clipper.txt_nvidiasmi_output.csv,22.02926829,17.27804878,79.08292683,1529.887805,0
input\29_ResNetV2_101_Clipper.txt_nvidiasmi_output.csv,29.62995595,23.12334802,96.70132159,1524.973568,0
input\30_ResNetV2_152_Clipper.txt_nvidiasmi_output.csv,18.55669546,6.573974082,67.48592333,1517.600972,0
