timestamp, utilization.gpu [%], utilization.memory [%], power.draw [W], clocks.current.sm [MHz],
input\01_InceptionV1_Clipper.txt_nvidiasmi_output.csv,54,34,153.96,1531,0
input\02_InceptionV2_Clipper.txt_nvidiasmi_output.csv,70,42,145.69,1531,0
input\03_InceptionV3_Clipper.txt_nvidiasmi_output.csv,100,81,228.02,1531,0
input\04_InceptionV4_Clipper.txt_nvidiasmi_output.csv,61,41,102.22,1531,0
input\05_MobilenetV1_1_Clipper.txt_nvidiasmi_output.csv,90,71,147.85,1531,0
input\06_MobilenetV1_05_Clipper.txt_nvidiasmi_output.csv,44,33,113.97,1531,0
input\07_MobilenetV1_025_Clipper.txt_nvidiasmi_output.csv,33,21,85.21,1531,0
input\08_MobilenetV2_1_Clipper.txt_nvidiasmi_output.csv,47,35,113.11,1531,0
input\09_MobilenetV2_14_Clipper.txt_nvidiasmi_output.csv,75,54,159.1,1531,0
input\10_NASNet_A_Large_331_Clipper.txt_nvidiasmi_output.csv,69,25,116.85,1531,0
input\11_NASNet_A_Mobile_224_Clipper.txt_nvidiasmi_output.csv,85,62,158,1531,0
input\12_PNASNet_5_Mobile_224_Clipper.txt_nvidiasmi_output.csv,100,85,170.3,1531,0
input\13_ResNetV2_50_Clipper.txt_nvidiasmi_output.csv,89,61,170.91,1531,0
input\14_ResNetV2_101_Clipper.txt_nvidiasmi_output.csv,84,58,186.13,1531,0
input\15_ResNetV2_152_Clipper.txt_nvidiasmi_output.csv,100,84,201.96,1531,0
input\16_InceptionV1_Clipper.txt_nvidiasmi_output.csv,68,40,140.19,1531,0
input\17_InceptionV2_Clipper.txt_nvidiasmi_output.csv,64,43,178.82,1531,0
input\18_InceptionV3_Clipper.txt_nvidiasmi_output.csv,55,35,116.12,1531,0
input\19_InceptionV4_Clipper.txt_nvidiasmi_output.csv,100,72,207.51,1531,0
input\20_MobilenetV1_1_Clipper.txt_nvidiasmi_output.csv,57,44,152.35,1531,0
input\21_MobilenetV1_05_Clipper.txt_nvidiasmi_output.csv,61,38,158.75,1531,0
input\22_MobilenetV1_025_Clipper.txt_nvidiasmi_output.csv,38,21,100.01,1531,0
input\23_MobilenetV2_1_Clipper.txt_nvidiasmi_output.csv,88,75,208.41,1531,0
input\24_MobilenetV2_14_Clipper.txt_nvidiasmi_output.csv,67,61,150.45,1531,0
input\25_NASNet_A_Mobile_224_Clipper.txt_nvidiasmi_output.csv,51,37,145.29,1531,0
input\26_PNASNet_5_Large_331_Clipper.txt_nvidiasmi_output.csv,63,38,126.79,1531,0
input\27_PNASNet_5_Mobile_224_Clipper.txt_nvidiasmi_output.csv,73,49,144.2,1531,0
input\28_ResNetV2_50_Clipper.txt_nvidiasmi_output.csv,81,66,196.1,1531,0
input\29_ResNetV2_101_Clipper.txt_nvidiasmi_output.csv,100,85,203.65,1531,0
input\30_ResNetV2_152_Clipper.txt_nvidiasmi_output.csv,60,41,145.36,1531,0
