timestamp, utilization.gpu [%], utilization.memory [%], power.draw [W], clocks.current.sm [MHz],
input\01_InceptionV1_Clipper.txt_nvidiasmi_output.csv,0,0,10.1,544,0
input\02_InceptionV2_Clipper.txt_nvidiasmi_output.csv,0,0,50.96,1303,0
input\03_InceptionV3_Clipper.txt_nvidiasmi_output.csv,0,0,56.43,1531,0
input\04_InceptionV4_Clipper.txt_nvidiasmi_output.csv,0,0,11.25,544,0
input\05_MobilenetV1_1_Clipper.txt_nvidiasmi_output.csv,0,0,51.05,1303,0
input\06_MobilenetV1_05_Clipper.txt_nvidiasmi_output.csv,0,0,50.76,1303,0
input\07_MobilenetV1_025_Clipper.txt_nvidiasmi_output.csv,0,0,50.67,1303,0
input\08_MobilenetV2_1_Clipper.txt_nvidiasmi_output.csv,0,0,50.7,1303,0
input\09_MobilenetV2_14_Clipper.txt_nvidiasmi_output.csv,0,0,52.97,1303,0
input\10_NASNet_A_Large_331_Clipper.txt_nvidiasmi_output.csv,0,0,10.39,544,0
input\11_NASNet_A_Mobile_224_Clipper.txt_nvidiasmi_output.csv,0,0,10.87,544,0
input\12_PNASNet_5_Mobile_224_Clipper.txt_nvidiasmi_output.csv,0,0,11.25,544,0
input\13_ResNetV2_50_Clipper.txt_nvidiasmi_output.csv,0,0,51.15,1303,0
input\14_ResNetV2_101_Clipper.txt_nvidiasmi_output.csv,0,0,51.24,1303,0
input\15_ResNetV2_152_Clipper.txt_nvidiasmi_output.csv,0,0,56.91,1531,0
input\16_InceptionV1_Clipper.txt_nvidiasmi_output.csv,0,0,51.24,1303,0
input\17_InceptionV2_Clipper.txt_nvidiasmi_output.csv,0,0,56.72,1354,0
input\18_InceptionV3_Clipper.txt_nvidiasmi_output.csv,0,0,10.87,544,0
input\19_InceptionV4_Clipper.txt_nvidiasmi_output.csv,0,0,10.39,544,0
input\20_MobilenetV1_1_Clipper.txt_nvidiasmi_output.csv,0,0,50.96,1303,0
input\21_MobilenetV1_05_Clipper.txt_nvidiasmi_output.csv,0,0,50.76,1303,0
input\22_MobilenetV1_025_Clipper.txt_nvidiasmi_output.csv,0,0,50.57,1303,0
input\23_MobilenetV2_1_Clipper.txt_nvidiasmi_output.csv,0,0,50.57,1303,0
input\24_MobilenetV2_14_Clipper.txt_nvidiasmi_output.csv,0,0,50.99,1303,0
input\25_NASNet_A_Mobile_224_Clipper.txt_nvidiasmi_output.csv,0,0,10.68,544,0
input\26_PNASNet_5_Large_331_Clipper.txt_nvidiasmi_output.csv,0,0,50.86,1303,0
input\27_PNASNet_5_Mobile_224_Clipper.txt_nvidiasmi_output.csv,0,0,12.12,544,0
input\28_ResNetV2_50_Clipper.txt_nvidiasmi_output.csv,0,0,56.53,1303,0
input\29_ResNetV2_101_Clipper.txt_nvidiasmi_output.csv,0,0,51.34,1303,0
input\30_ResNetV2_152_Clipper.txt_nvidiasmi_output.csv,0,0,10.87,544,0
