timestamp, utilization.gpu [%], utilization.memory [%], power.draw [W], clocks.current.sm [MHz],
input\01_InceptionV1_Clipper.txt_nvidiasmi_output.csv,10.94751504,6.783528778,19.32716125,107.6774608,0
input\02_InceptionV2_Clipper.txt_nvidiasmi_output.csv,12.02472394,7.236362894,20.41522452,88.32089084,0
input\03_InceptionV3_Clipper.txt_nvidiasmi_output.csv,30.92369409,21.98872619,49.91330592,0,0
input\04_InceptionV4_Clipper.txt_nvidiasmi_output.csv,13.8764835,3.922623184,14.29393218,49.53313931,0
input\05_MobilenetV1_1_Clipper.txt_nvidiasmi_output.csv,13.45245197,11.02562659,16.34598688,55.81580441,0
input\06_MobilenetV1_05_Clipper.txt_nvidiasmi_output.csv,7.098542531,5.14311187,9.850128082,99.3866014,0
input\07_MobilenetV1_025_Clipper.txt_nvidiasmi_output.csv,6.090950993,3.594827839,3.733746538,85.07344258,0
input\08_MobilenetV2_1_Clipper.txt_nvidiasmi_output.csv,6.075325526,4.515143678,11.28973078,98.18905771,0
input\09_MobilenetV2_14_Clipper.txt_nvidiasmi_output.csv,18.16687844,15.43624813,26.32547129,21.83750314,0
input\10_NASNet_A_Large_331_Clipper.txt_nvidiasmi_output.csv,17.55448828,6.193012471,21.37516376,47.4035675,0
input\11_NASNet_A_Mobile_224_Clipper.txt_nvidiasmi_output.csv,21.16978162,15.85643814,24.9474152,96.55617689,0
input\12_PNASNet_5_Mobile_224_Clipper.txt_nvidiasmi_output.csv,23.61532447,18.84781038,30.11203271,77.43331795,0
input\13_ResNetV2_50_Clipper.txt_nvidiasmi_output.csv,14.46281425,10.54160297,29.48323067,92.56426401,0
input\14_ResNetV2_101_Clipper.txt_nvidiasmi_output.csv,17.40746667,12.45535236,37.9560251,82.80264748,0
input\15_ResNetV2_152_Clipper.txt_nvidiasmi_output.csv,35.71195006,28.42990367,51.89805051,0,0
input\16_InceptionV1_Clipper.txt_nvidiasmi_output.csv,11.60124377,6.912597164,18.01636391,93.37374736,0
input\17_InceptionV2_Clipper.txt_nvidiasmi_output.csv,16.77051914,10.46101029,31.59308889,25.02636677,0
input\18_InceptionV3_Clipper.txt_nvidiasmi_output.csv,11.07384377,3.151698018,9.468936436,68.72541216,0
input\19_InceptionV4_Clipper.txt_nvidiasmi_output.csv,37.38391556,26.1852243,61.90943515,89.50572988,0
input\20_MobilenetV1_1_Clipper.txt_nvidiasmi_output.csv,7.518136279,5.828717751,13.54411027,91.13785937,0
input\21_MobilenetV1_05_Clipper.txt_nvidiasmi_output.csv,9.697685596,6.656033034,14.08259,103.8959619,0
input\22_MobilenetV1_025_Clipper.txt_nvidiasmi_output.csv,5.572419822,3.182963174,5.628704872,92.77840656,0
input\23_MobilenetV2_1_Clipper.txt_nvidiasmi_output.csv,25.27947706,21.24898996,33.75096253,36.78018731,0
input\24_MobilenetV2_14_Clipper.txt_nvidiasmi_output.csv,16.85403332,14.71417413,27.74906386,63.90166203,0
input\25_NASNet_A_Mobile_224_Clipper.txt_nvidiasmi_output.csv,13.51837186,9.312144111,22.63770455,122.0610553,0
input\26_PNASNet_5_Large_331_Clipper.txt_nvidiasmi_output.csv,17.84160439,7.296229837,25.00612125,13.69910239,0
input\27_PNASNet_5_Mobile_224_Clipper.txt_nvidiasmi_output.csv,14.06945262,10.02149432,23.83165584,106.596799,0
input\28_ResNetV2_50_Clipper.txt_nvidiasmi_output.csv,23.14828386,18.44558923,41.18826858,15.88532372,0
input\29_ResNetV2_101_Clipper.txt_nvidiasmi_output.csv,33.0015963,26.46804625,55.45146704,36.57469826,0
input\30_ResNetV2_152_Clipper.txt_nvidiasmi_output.csv,12.87342951,4.728872849,13.62608185,55.05892248,0
