, Througput (image/sec), power cap, power, batch size, DVFS
input\01_InceptionV1_DVFS.txt,24.79635223,131,61.08038067,1,1528.915867
input\02_InceptionV2_DVFS.txt,23.61460492,123,63.62113533,1,1528.6696
input\03_InceptionV3_DVFS.txt,18.88589647,228,73.98783133,1,1529.081533
input\04_InceptionV4_DVFS.txt,13.78600759,84,70.377656,1,1302.460933
input\05_MobilenetV1_1_DVFS.txt,30.28183874,145,60.00693067,1,1528.4976
input\06_MobilenetV1_05_DVFS.txt,31.20025641,89,57.14570733,1,1528.446133
input\07_MobilenetV1_025_DVFS.txt,31.14669003,112,56.517136,1,1528.032467
input\08_MobilenetV2_1_DVFS.txt,27.61279137,89,59.729104,1,1528.3354
input\09_MobilenetV2_14_DVFS.txt,27.01016662,164,61.96336,1,1528.359933
input\10_NASNet_A_Large_331_DVFS.txt,8.968706037,83,71.871012,1,1062.7572
input\11_NASNet_A_Mobile_224_DVFS.txt,14.85184729,159,59.24611467,1,1529.380333
input\12_PNASNet_5_Mobile_224_DVFS.txt,16.59899871,246,59.365592,1,1529.2242
input\13_ResNetV2_50_DVFS.txt,23.86003107,143,71.640762,1,1528.738
input\14_ResNetV2_101_DVFS.txt,19.62858886,167,80.38143267,1,1529.108467
input\15_ResNetV2_152_DVFS.txt,16.53590612,237,84.72096067,1,1529.329733
input\16_InceptionV1_DVFS.txt,28.74147633,125,61.5388625,1,1528.82615
input\17_InceptionV2_DVFS.txt,27.3690812,192,63.9467085,1,1529.01115
input\18_InceptionV3_DVFS.txt,20.68972666,80,69.446977,1,1421.7721
input\19_InceptionV4_DVFS.txt,15.49999186,245,85.999264,1,1529.79665
input\20_MobilenetV1_1_DVFS.txt,35.81624799,98,60.3527125,1,1528.4698
input\21_MobilenetV1_05_DVFS.txt,36.71280804,120,57.363012,1,1528.3242
input\22_MobilenetV1_025_DVFS.txt,37.60542345,92,56.548957,1,1528.3369
input\23_MobilenetV2_1_DVFS.txt,31.38064039,208,60.007172,1,1528.7281
input\24_MobilenetV2_14_DVFS.txt,32.38673887,152,62.457939,1,1528.6882
input\25_NASNet_A_Mobile_224_DVFS.txt,16.04664741,135,59.1793545,1,1529.7333
input\26_PNASNet_5_Large_331_DVFS.txt,10.5940382,86,75.2000465,1,1025.9662
input\27_PNASNet_5_Mobile_224_DVFS.txt,18.51341284,136,59.5148215,1,1529.5675
input\28_ResNetV2_50_DVFS.txt,27.50929821,198,73.9942915,1,1529.0035
input\29_ResNetV2_101_DVFS.txt,22.18711531,236,81.6212585,1,1529.35675
input\30_ResNetV2_152_DVFS.txt,17.97321427,88,74.086153,1,1316.58285
