, Througput (image/sec), power cap, power, batch size, DVFS
input\01_InceptionV1_DVFS.txt,50.94997692,131,73.13,1,1531
input\02_InceptionV2_DVFS.txt,51.62601546,123,78.5,1,1531
input\03_InceptionV3_DVFS.txt,36.78246076,228,93.5,1,1531
input\04_InceptionV4_DVFS.txt,24.1225248,84,92.73,1,1430
input\05_MobilenetV1_1_DVFS.txt,67.82509702,145,63.79,1,1531
input\06_MobilenetV1_05_DVFS.txt,63.56836059,89,58.16,1,1531
input\07_MobilenetV1_025_DVFS.txt,63.24628677,112,56.81,1,1531
input\08_MobilenetV2_1_DVFS.txt,62.14612319,89,63.01,1,1531
input\09_MobilenetV2_14_DVFS.txt,55.05130662,164,66.86,1,1531
input\10_NASNet_A_Large_331_DVFS.txt,14.79863809,83,85.12,1,1189
input\11_NASNet_A_Mobile_224_DVFS.txt,34.17059619,159,61.22,1,1531
input\12_PNASNet_5_Mobile_224_DVFS.txt,38.13003636,246,62,1,1531
input\13_ResNetV2_50_DVFS.txt,45.92420974,143,88.52,1,1531
input\14_ResNetV2_101_DVFS.txt,37.62821283,167,97.08,1,1531
input\15_ResNetV2_152_DVFS.txt,31.11778497,237,101.61,1,1531
input\16_InceptionV1_DVFS.txt,58.5175512,125,74.81,1,1531
input\17_InceptionV2_DVFS.txt,59.17137859,192,75.54,1,1531
input\18_InceptionV3_DVFS.txt,37.49534248,80,88.23,1,1531
input\19_InceptionV4_DVFS.txt,27.64575918,245,103.47,1,1531
input\20_MobilenetV1_1_DVFS.txt,75.61391743,98,64.11,1,1531
input\21_MobilenetV1_05_DVFS.txt,74.6995316,120,64.96,1,1531
input\22_MobilenetV1_025_DVFS.txt,80.19241726,92,56.91,1,1531
input\23_MobilenetV2_1_DVFS.txt,62.69137869,208,63.24,1,1531
input\24_MobilenetV2_14_DVFS.txt,64.43358169,152,67.46,1,1531
input\25_NASNet_A_Mobile_224_DVFS.txt,38.04322863,135,61.7,1,1531
input\26_PNASNet_5_Large_331_DVFS.txt,17.40194586,86,92.26,1,1189
input\27_PNASNet_5_Mobile_224_DVFS.txt,40.88135131,136,61.96,1,1531
input\28_ResNetV2_50_DVFS.txt,54.56147152,198,90.63,1,1531
input\29_ResNetV2_101_DVFS.txt,38.53854494,236,96.13,1,1531
input\30_ResNetV2_152_DVFS.txt,31.52000481,88,93.46,1,1430
