, Througput (image/sec), power cap, power, batch size, DVFS
input\01_InceptionV1_DVFS.txt,0.200605187,131,47.91,1,1063
input\02_InceptionV2_DVFS.txt,0.194308886,123,49.06,1,1063
input\03_InceptionV3_DVFS.txt,0.17274857,228,49.16,1,1063
input\04_InceptionV4_DVFS.txt,0.132055949,84,46.85,1,949
input\05_MobilenetV1_1_DVFS.txt,0.229625977,145,48.85,1,1063
input\06_MobilenetV1_05_DVFS.txt,0.233089794,89,48.68,1,1063
input\07_MobilenetV1_025_DVFS.txt,0.241065046,112,48.97,1,1063
input\08_MobilenetV2_1_DVFS.txt,0.214860067,89,47.81,1,1063
input\09_MobilenetV2_14_DVFS.txt,0.207197205,164,50.41,1,1063
input\10_NASNet_A_Large_331_DVFS.txt,0.063507854,83,46.76,1,949
input\11_NASNet_A_Mobile_224_DVFS.txt,0.145194778,159,48.97,1,1063
input\12_PNASNet_5_Mobile_224_DVFS.txt,0.165366475,246,49.26,1,1063
input\13_ResNetV2_50_DVFS.txt,0.178047049,143,49.06,1,1063
input\14_ResNetV2_101_DVFS.txt,0.155844438,167,49.16,1,1063
input\15_ResNetV2_152_DVFS.txt,0.122532335,237,49.16,1,1063
input\16_InceptionV1_DVFS.txt,0.196960973,125,49.06,1,1063
input\17_InceptionV2_DVFS.txt,0.189836456,192,49.06,1,1063
input\18_InceptionV3_DVFS.txt,0.169364847,80,47.43,1,949
input\19_InceptionV4_DVFS.txt,0.13062721,245,49.04,1,1063
input\20_MobilenetV1_1_DVFS.txt,0.223538306,98,47.98,1,1063
input\21_MobilenetV1_05_DVFS.txt,0.22962355,120,49.06,1,1063
input\22_MobilenetV1_025_DVFS.txt,0.23548239,92,50.99,1,1063
input\23_MobilenetV2_1_DVFS.txt,0.218222109,208,50.99,1,1063
input\24_MobilenetV2_14_DVFS.txt,0.210998779,152,49.45,1,1063
input\25_NASNet_A_Mobile_224_DVFS.txt,0.159302208,135,48.78,1,1063
input\26_PNASNet_5_Large_331_DVFS.txt,0.067359508,86,46.66,1,949
input\27_PNASNet_5_Mobile_224_DVFS.txt,0.178804894,136,47.91,1,1063
input\28_ResNetV2_50_DVFS.txt,0.184341918,198,49.16,1,1063
input\29_ResNetV2_101_DVFS.txt,0.145642135,236,48.97,1,1063
input\30_ResNetV2_152_DVFS.txt,0.11204959,88,47.91,1,1063
