, Througput (image/sec), power cap, power, batch size, DVFS
input\01_InceptionV1_DVFS.txt,9.772068431,0,2.488783397,0,24.28186679
input\02_InceptionV2_DVFS.txt,9.23255533,0,3.439664214,0,25.0499588
input\03_InceptionV3_DVFS.txt,7.279085797,0,8.271116831,0,22.7007449
input\04_InceptionV4_DVFS.txt,5.009351608,0,11.05655572,0,42.40118324
input\05_MobilenetV1_1_DVFS.txt,11.83524418,0,1.931275507,0,26.20713632
input\06_MobilenetV1_05_DVFS.txt,12.0928157,0,0.724557819,0,26.34347544
input\07_MobilenetV1_025_DVFS.txt,12.00948243,0,0.654540488,0,28.14483634
input\08_MobilenetV2_1_DVFS.txt,10.81451431,0,1.736316648,0,26.74184187
input\09_MobilenetV2_14_DVFS.txt,10.57414141,0,2.650525674,0,26.46043804
input\10_NASNet_A_Large_331_DVFS.txt,2.923602561,0,8.924318884,0,12.75508715
input\11_NASNet_A_Mobile_224_DVFS.txt,5.810684164,0,1.260405283,0,20.92343694
input\12_PNASNet_5_Mobile_224_DVFS.txt,6.450206502,0,1.407191518,0,21.84572119
input\13_ResNetV2_50_DVFS.txt,9.447491845,0,8.314850122,0,24.58499046
input\14_ResNetV2_101_DVFS.txt,7.797501601,0,11.08167734,0,22.64301588
input\15_ResNetV2_152_DVFS.txt,6.537588866,0,13.1457165,0,21.13279779
input\16_InceptionV1_DVFS.txt,11.19254995,0,2.526373096,0,24.27546758
input\17_InceptionV2_DVFS.txt,10.66903759,0,3.623076499,0,23.01581686
input\18_InceptionV3_DVFS.txt,7.938835789,0,7.309809395,0,46.5286499
input\19_InceptionV4_DVFS.txt,5.642996149,0,14.35556203,0,18.06274893
input\20_MobilenetV1_1_DVFS.txt,13.65640417,0,2.113466008,0,25.96493959
input\21_MobilenetV1_05_DVFS.txt,13.90675093,0,0.805499254,0,26.75346509
input\22_MobilenetV1_025_DVFS.txt,14.17977495,0,0.465696255,0,26.52997924
input\23_MobilenetV2_1_DVFS.txt,12.09129453,0,1.72747574,0,24.67139579
input\24_MobilenetV2_14_DVFS.txt,12.41926401,0,2.808344221,0,24.89059021
input\25_NASNet_A_Mobile_224_DVFS.txt,6.327495853,0,1.252785212,0,18.57660817
input\26_PNASNet_5_Large_331_DVFS.txt,3.328869491,0,10.87220131,0,54.5651799
input\27_PNASNet_5_Mobile_224_DVFS.txt,7.322106646,0,1.406822483,0,19.6242718
input\28_ResNetV2_50_DVFS.txt,10.55637295,0,7.753143641,0,23.09470909
input\29_ResNetV2_101_DVFS.txt,8.711173849,0,11.56581936,0,20.98543494
input\30_ResNetV2_152_DVFS.txt,7.094239129,0,9.762613894,0,45.93750685
