, Througput (image/sec), power cap, power, batch size, DVFS
input\01_InceptionV1_DVFS.txt,93.43533147,131,192.25,256,1531
input\02_InceptionV2_DVFS.txt,92.70539,123,152.64,256,1430
input\03_InceptionV3_DVFS.txt,75.17072717,228,239.7,256,1531
input\04_InceptionV4_DVFS.txt,56.02828053,84,135.32,256,1063
input\05_MobilenetV1_1_DVFS.txt,93.66971323,145,177.85,256,1531
input\06_MobilenetV1_05_DVFS.txt,102.1915288,89,145.73,256,1531
input\07_MobilenetV1_025_DVFS.txt,105.9257536,112,113.01,256,1531
input\08_MobilenetV2_1_DVFS.txt,92.60525548,89,128.43,256,1063
input\09_MobilenetV2_14_DVFS.txt,88.63703915,164,182.14,256,1531
input\10_NASNet_A_Large_331_DVFS.txt,28.27980626,83,146.62,256,1063
input\11_NASNet_A_Mobile_224_DVFS.txt,105.4277955,159,166.57,256,1531
input\12_PNASNet_5_Mobile_224_DVFS.txt,88.76690027,246,177.75,256,1531
input\13_ResNetV2_50_DVFS.txt,88.47615373,143,143.17,256,1189
input\14_ResNetV2_101_DVFS.txt,76.35716781,167,165.45,256,1303
input\15_ResNetV2_152_DVFS.txt,76.11787071,237,213.09,256,1531
input\16_InceptionV1_DVFS.txt,166.2347483,125,172.99,256,1531
input\17_InceptionV2_DVFS.txt,164.1793765,192,213.13,256,1531
input\18_InceptionV3_DVFS.txt,102.9574519,80,125.46,256,1063
input\19_InceptionV4_DVFS.txt,90.03438765,245,237.97,256,1531
input\20_MobilenetV1_1_DVFS.txt,153.1771099,98,134.56,256,1063
input\21_MobilenetV1_05_DVFS.txt,185.674488,120,142.73,256,1531
input\22_MobilenetV1_025_DVFS.txt,204.6644257,92,111.01,256,1531
input\23_MobilenetV2_1_DVFS.txt,154.3611877,208,160.29,256,1531
input\24_MobilenetV2_14_DVFS.txt,146.2346519,152,149.6,256,1430
input\25_NASNet_A_Mobile_224_DVFS.txt,140.3071092,135,124.6,256,1189
input\26_PNASNet_5_Large_331_DVFS.txt,32.13220825,86,138.38,256,1063
input\27_PNASNet_5_Mobile_224_DVFS.txt,143.1600792,136,121.72,256,1189
input\28_ResNetV2_50_DVFS.txt,139.5691585,198,205.87,256,1531
input\29_ResNetV2_101_DVFS.txt,118.310432,236,207.19,256,1531
input\30_ResNetV2_152_DVFS.txt,94.18946565,88,129.31,256,1063
