, Througput (image/sec), power cap, power, batch size, DVFS
input\01_InceptionV1_DVFS.txt,25.70411496,131,46.76,152,1063
input\02_InceptionV2_DVFS.txt,26.08334773,123,48.78,152,949
input\03_InceptionV3_DVFS.txt,18.35496741,228,131.4,152,1063
input\04_InceptionV4_DVFS.txt,16.06044535,84,89.28,152,544
input\05_MobilenetV1_1_DVFS.txt,30.76326289,145,49.06,152,1063
input\06_MobilenetV1_05_DVFS.txt,35.04819368,89,46.47,152,949
input\07_MobilenetV1_025_DVFS.txt,37.14452074,112,49.04,152,1063
input\08_MobilenetV2_1_DVFS.txt,30.59326757,89,46.67,152,544
input\09_MobilenetV2_14_DVFS.txt,28.71497442,164,56.72,152,1063
input\10_NASNet_A_Large_331_DVFS.txt,8.992089087,83,91.78,152,544
input\11_NASNet_A_Mobile_224_DVFS.txt,23.22542552,159,57.2,152,1063
input\12_PNASNet_5_Mobile_224_DVFS.txt,25.43457144,246,64.49,152,1063
input\13_ResNetV2_50_DVFS.txt,23.32604,143,113.1,152,1063
input\14_ResNetV2_101_DVFS.txt,20.99022344,167,131.11,152,1063
input\15_ResNetV2_152_DVFS.txt,17.72350816,237,132.65,152,1063
input\16_InceptionV1_DVFS.txt,28.85513285,125,47.34,32,949
input\17_InceptionV2_DVFS.txt,29.33298307,192,53.65,32,1063
input\18_InceptionV3_DVFS.txt,13.91801114,80,83.78,32,544
input\19_InceptionV4_DVFS.txt,17.83075863,245,132.54,32,1063
input\20_MobilenetV1_1_DVFS.txt,36.50673881,98,61.1,32,734
input\21_MobilenetV1_05_DVFS.txt,42.57503142,120,47.62,32,1063
input\22_MobilenetV1_025_DVFS.txt,47.5143058,92,49.06,32,1063
input\23_MobilenetV2_1_DVFS.txt,35.71116187,208,53.26,32,1063
input\24_MobilenetV2_14_DVFS.txt,32.31411722,152,116.83,32,1063
input\25_NASNet_A_Mobile_224_DVFS.txt,28.29346397,135,92.25,32,1063
input\26_PNASNet_5_Large_331_DVFS.txt,9.500344218,86,88.51,32,544
input\27_PNASNet_5_Mobile_224_DVFS.txt,30.54895167,136,100.33,32,1063
input\28_ResNetV2_50_DVFS.txt,25.93929653,198,126.32,32,1063
input\29_ResNetV2_101_DVFS.txt,23.74322528,236,133.7,32,1063
input\30_ResNetV2_152_DVFS.txt,20.16389307,88,84.16,32,544
