, Througput (image/sec), power, batch size, minBS, maxBS, BestBS, power cap, DVFS
input\01_InceptionV1_BatchSizer.txt,93.40285133,160.28,255,253,254,254,131,1430
input\02_InceptionV2_BatchSizer.txt,98.88586496,141.74,240,225,254,239,123,1063
input\03_InceptionV3_BatchSizer.txt,74.3726461,227.6,255,253,254,254,228,1531
input\04_InceptionV4_BatchSizer.txt,56.85675684,118.94,129,1,254,128,84,1063
input\05_MobilenetV1_1_BatchSizer.txt,106.1122646,192.16,255,253,254,254,145,1430
input\06_MobilenetV1_05_BatchSizer.txt,115.5380552,132.83,210,164,254,209,89,1063
input\07_MobilenetV1_025_BatchSizer.txt,104.1885055,94.08,255,253,254,254,112,1531
input\08_MobilenetV2_1_BatchSizer.txt,150.0205977,113.49,136,57,254,135,89,1063
input\09_MobilenetV2_14_BatchSizer.txt,91.53736407,183.28,255,253,254,254,164,1531
input\10_NASNet_A_Large_331_BatchSizer.txt,26.97473995,132.17,128,0,254,127,83,1063
input\11_NASNet_A_Mobile_224_BatchSizer.txt,88.0688822,185.14,255,253,254,254,159,1531
input\12_PNASNet_5_Mobile_224_BatchSizer.txt,90.78710322,168.1,255,253,254,254,246,1531
input\13_ResNetV2_50_BatchSizer.txt,86.43006802,132.35,240,223,254,239,143,1063
input\14_ResNetV2_101_BatchSizer.txt,79.06716862,180.81,255,253,254,254,167,1303
input\15_ResNetV2_152_BatchSizer.txt,74.72717722,241.58,255,253,254,254,237,1531
input\16_InceptionV1_BatchSizer.txt,160.1878175,134.36,254,252,254,253,125,1063
input\17_InceptionV2_BatchSizer.txt,160.1813241,221.84,255,253,254,254,192,1531
input\18_InceptionV3_BatchSizer.txt,133.4389781,130.36,129,3,254,128,80,1063
input\19_InceptionV4_BatchSizer.txt,91.21123652,239.32,255,253,254,254,245,1531
input\20_MobilenetV1_1_BatchSizer.txt,198.352397,133.22,150,45,254,149,98,1063
input\21_MobilenetV1_05_BatchSizer.txt,194.16891,130.44,253,250,254,252,120,1063
input\22_MobilenetV1_025_BatchSizer.txt,208.2393962,119.51,255,253,254,254,92,1531
input\23_MobilenetV2_1_BatchSizer.txt,154.3719954,164.16,255,253,254,254,208,1531
input\24_MobilenetV2_14_BatchSizer.txt,148.2005213,137.8,255,253,254,254,152,1430
input\25_NASNet_A_Mobile_224_BatchSizer.txt,145.8166947,122.1,255,253,254,254,135,1189
input\26_PNASNet_5_Large_331_BatchSizer.txt,16.13237279,97.84,1,0,254,0,86,1063
input\27_PNASNet_5_Mobile_224_BatchSizer.txt,165.3751506,131.2,255,253,254,254,136,1303
input\28_ResNetV2_50_BatchSizer.txt,140.1387725,220.88,255,253,254,254,198,1531
input\29_ResNetV2_101_BatchSizer.txt,118.8374514,219.3,255,253,254,254,236,1531
input\30_ResNetV2_152_BatchSizer.txt,105.145518,129.51,129,2,254,128,88,1063
